game_id,transcript,result,player_one,player_two,player_one_time,player_two_time,player_one_score,player_two_score,primary_player,primary_player_score,primary_player_illegal_moves,primary_player_legal_moves,primary_player_timeout,primary_player_resignation,primary_player_failed_to_find_legal_move,player_one_illegal_moves,player_two_illegal_moves,player_one_legal_moves,player_two_legal_moves,player_one_resignation,player_two_resignation,player_one_failed_to_find_legal_move,player_two_failed_to_find_legal_move,game_title,number_of_moves,time_taken,total_moves,illegal_moves
1766455049-9278,"[White ""ChessGPT (lichess_200k_bins_16layers_ckpt_with_optimizer)""]
[Black ""Stockfish level 5""]

1. e4 c5 2. Nf3 h6 3. d4 cxd4 4. Nxd4 Nf6 5. Nc3 Nc6 6. Be3 g6 7. Be2 Bg7 8. O-O O-O 9. Qd2 Kh7 10. f4 d6 11. Rad1 Ng4 12. Bxg4 Bxg4 13. Nxc6 bxc6 14. Rde1 Rb8 15. b3 Bc8 16. Bd4 e5 17. fxe5 dxe5 18. Be3 Qxd2 19. Bxd2 f5 20. exf5 Bxf5 21. Ne4 c5 22. Bc3 Rbd8 23. Nxc5 Rc8 24. b4 Rfe8 25. Re3 a5 26. a3 h5 27. Rfe1 Kg8 28. Bxe5 Bh6 29. R3e2 Bf8 30. Nd3 Bxd3 31. cxd3 Red8 32. d4 axb4 33. axb4 Bxb4 34. Rb1 Bd6 35. Bxd6 Rxd6 36. Rd2 Rf8 37. Rbd1 Rf5 38. h3 Rdf6 39. d5 Rd6 40. Kh2 g5 41. Kg3 Kg7 42. h4 Kf6 43. hxg5+ Kg6 44. Kh4 Re5 45. g4 hxg4 46. Kxg4 Rd8 47. Kf4 Rxg5 48. d6 Rf8+ 49. Ke4 Re8+ 50. Kd4 Kf6 51. Kc4 Rc8+ 52. Kb4 Rb8+ 53. Ka4 Rd8 54. d7 Rc5 55. Rd6+ Ke7 56. R6d5 Ra8+ 57. Kb4 Rxd5 58. Rxd5 Rh8 59. Kc5 Kd8 60. Kc6 Rf8 61. Re5 Rf6+ 62. Kd5 Ra6 63. Re8+ Kxd7 64. Re5 Ra5+ 65. Ke4 Ra1 66. Rd5+ Ke6 67. Re5+ Kd7 68. Rd5+ Ke6 69. Re5+ Kd6 70. Rd5+ Kc6 71. Re5 Re1+ 72. Kf5 Rd1 73. Re6+ Kd7 74. Re5 Rh1 75. Rd5+ Kc6 76. Re5 Kd6 77. Re6+ Kc5 78. Re5+ Kc6 79. Re6+ Kd5 80. Re5+ Kc6 81. Re6+ Kc5 82. Re5+ Kd6 83. Re6+ Kc5 84. Re5+ Kd6 85. Re6+ Kd7 86. Re5 Ra1 87. Rd5+ Ke7 88. Re5+ Kd8 89. Rd5+ Kc8 90. Rc5+ Kb8",,ChessGPT (lichess_200k_bins_16layers_ckpt_with_optimizer),Stockfish level 5,,2.0,-10000000000.0,-10000000000.0,ChessGPT (lichess_200k_bins_16layers_ckpt_with_optimizer),-10000000000.0,0,90,False,False,False,0,0,90,90,False,False,False,False,ChessGPT (lichess_200k_bins_16layers_ckpt_with_optimizer) vs. Stockfish level 5,91,1150.8425109386444,90,0
1766455264-6385,"[White ""Stockfish level 5""]
[Black ""ChessGPT (lichess_200k_bins_16layers_ckpt_with_optimizer)""]

1. e4 e5 2. d4 exd4 3. Qxd4 Nc6 4. Qd3 Nf6 5. Nf3 d6 6. Bg5 Be7 7. c4 O-O 8. Be3 Nb4 9. Qb3 c5 10. Bd3 Bg4 11. Nfd2 Qa5 12. a3 Nxd3+ 13. Qxd3 Rad8 14. f3 Be6 15. Nc3 a6 16. Bg5 h6 17. Bh4 g5 18. Bf2 Nh5 19. Qc2 Nf4 20. h4 Nxg2+ 21. Ke2 Nf4+ 22. Kf1 Bh3+ 23. Rxh3 Nxh3 24. Nd5 Rde8 25. Be3 f6 26. e5 dxe5 27. b4 cxb4 28. Bb6 Qc5 29. Qg6+ Kh8 30. Qxh6+ Kg8 31. Bxc5 Bxc5 32. Qg6+ Kh8 33. Ne4 Rg8 34. Qh6#",1-0,Stockfish level 5,ChessGPT (lichess_200k_bins_16layers_ckpt_with_optimizer),2.0,,1.0,0.0,ChessGPT (lichess_200k_bins_16layers_ckpt_with_optimizer),0.0,0,34,False,False,False,0,0,34,34,False,False,False,False,Stockfish level 5 vs. ChessGPT (lichess_200k_bins_16layers_ckpt_with_optimizer),34,215.33345365524292,34,0,-196.29982628212065
1766455976-8132,"[White ""ChessGPT (lichess_200k_bins_16layers_ckpt_with_optimizer)""]
[Black ""Stockfish level 5""]

1. e4 d6 2. d4 Nf6 3. Nc3 Nbd7 4. Nf3 c6 5. Bc4 e6 6. O-O d5 7. exd5 exd5 8. Re1+ Be7 9. Bd3 Nf8 10. Bg5 Ng6 11. Bxf6 gxf6 12. Qd2 Be6 13. Qh6 Kd7 14. Na4 Bg4 15. Nd2 Rg8 16. Nc5+ Kc7 17. Qxh7 Qf8 18. Bxg6 Rxg6 19. Rxe7+ Qxe7 20. Qh4 Re8 21. Qg3+ Qd6 22. Qxd6+ Kxd6 23. Nxb7+ Kd7 24. Nc5+ Kd8 25. f3 Bh3 26. g3 Re2 27. Rd1 Rg2+ 28. Kh1 Rg8 29. Ndb3 Re8 30. Nd3 Ree2 31. Nf4 Rxh2+ 32. Kg1 Rxc2 33. Nxh3 Rcg2+ 34. Kf1 Rxb2 35. Nc5 Rxh3 36. Kg1 Kc8 37. Nd3 Rc2 38. Nf2 Rxg3+ 39. Kf1 Rb2 40. Rc1 Kb7 41. Nd3 Rxf3+ 42. Ke1 Rxd3 43. Rd1 Rh3 44. Rd2 Rh1+ 45. Ke2 Rxd2+ 46. Kxd2 Rh7 47. Kc3 Rh1 48. Kb4 Kb6 49. a4 Kb7 50. a5 Rc1 51. Ka4 f5 52. Kb4 Ka6 53. Ka4 f4 54. Kb4 Rc4+ 55. Kb3 f5 56. Kb2 f3 57. Kb3 f2 58. Kb2 f4 59. Kb3 f1=Q 60. Kb2 Kb5 61. Kb3 Qc1 62. Ka2 Ka6 63. Kb3 Kxa5 64. Ka2 Ka6 65. Kb3 Qc2+ 66. Ka3 Ra4#",0-1,ChessGPT (lichess_200k_bins_16layers_ckpt_with_optimizer),Stockfish level 5,,2.0,0.0,1.0,ChessGPT (lichess_200k_bins_16layers_ckpt_with_optimizer),0.0,0,66,False,False,False,0,0,66,66,False,False,False,False,ChessGPT (lichess_200k_bins_16layers_ckpt_with_optimizer) vs. Stockfish level 5,67,711.5874996185303,66,0,-196.29982628212065
1766457239-9902,"[White ""Stockfish level 5""]
[Black ""ChessGPT (lichess_200k_bins_16layers_ckpt_with_optimizer)""]

1. Nf3 d5 2. c3 Nf6 3. Qa4+ Bd7 4. Qb3 b6 5. c4 dxc4 6. Qc2 Nc6 7. g3 e5 8. Bg2 Bd6 9. O-O O-O 10. Qxc4 Na5 11. Qc2 Rc8 12. b3 c5 13. Nc3 Nc6 14. e3 Nb4 15. Qd1 Bg4 16. d3 Bxf3 17. Bxf3 Re8 18. a3 Nc6 19. Bb2 Ne7 20. Qe2 Ng6 21. Bb7 Rc7 22. Ba6 Rce7 23. Rad1 e4 24. Bb5 Rf8 25. dxe4 Nxe4 26. Qc2 Nxc3 27. Qxc3 f6 28. Qd3 Rd7 29. Bxd7 Qxd7 30. Qd5+ Kh8 31. Qxd6 Qxd6 32. Rxd6 Ne5 33. f3 Nf7 34. Rd2 Ng5 35. Rdd1 Nh3+ 36. Kg2 Ng5 37. Kf2 Ne6 38. Ke1 Nc7 39. b4 Nb5 40. a4 Nc7 41. bxc5 bxc5 42. Rd7 Na6 43. Bc3 Nb4 44. e4 Nc2+ 45. Kd2 Na3 46. Ke2 Nc4 47. Rfd1 Ne5 48. Bxe5 fxe5 49. Rb1 h6 50. Rxa7 Kh7 51. Rbb7 Rg8 52. Kd3 Kg6 53. Kc2 Kh5 54. Rxg7 Rxg7 55. Rxg7 c4 56. Rc7 c3 57. Rd7 Kg5 58. Rc7 h5 59. Kb1 h4 60. gxh4+ Kxh4 61. Kc2 Kh3 62. a5 Kxh2 63. Rxc3 Kg3 64. a6 Kf4 65. Kd2 Kg5 66. Kc2 Kf4 67. a7 Kg3 68. Kd3 Kxf3 69. Rc7 Kf4 70. Rc6 Kf3 71. Rc7 Kf4 72. Ke2 Kxe4 73. a8=Q+ Kf5 74. Re7 Kf4 75. Rf7+ Kg5 76. Qf8 Kg6 77. Rb7 Kg5 78. Re7 Kg6 79. Ra7 Kg5 80. Re7 Kg6 81. Rb7 Kg5 82. Rc7 Kg6 83. Re7",1-0,Stockfish level 5,ChessGPT (lichess_200k_bins_16layers_ckpt_with_optimizer),2.0,,1.0,0.0,ChessGPT (lichess_200k_bins_16layers_ckpt_with_optimizer),0.0,5,82,False,False,True,0,5,83,82,False,False,False,True,Stockfish level 5 vs. ChessGPT (lichess_200k_bins_16layers_ckpt_with_optimizer),83,1263.4706184864044,83,5,-196.29982628212065
1766457480-5843,"[White ""ChessGPT (lichess_200k_bins_16layers_ckpt_with_optimizer)""]
[Black ""Stockfish level 5""]

1. e4 c6 2. d4 h6 3. Nc3 d6 4. Be3 e5 5. Nf3 Nd7 6. Qd2 Ngf6 7. O-O-O Be7 8. h3 a6 9. g4 Qc7 10. Bg2 Rb8 11. g5 hxg5 12. Nxg5 Nh5 13. h4 Nb6 14. Bf3 Nc4 15. Qe2 Nxe3 16. Qxe3 Nf4 17. dxe5 Ne6 18. exd6 Bxd6 19. Nxe6 Bxe6 20. Kb1 Be5 21. Ne2 Rd8 22. Rxd8+ Kxd8 23. Rd1+ Kc8 24. Nd4 Rxh4 25. Nxe6 fxe6 26. Qg5 Rh2 27. Bg4 Kb8 28. Bxe6 Bf6 29. Qg3 Qe5 30. Qxe5+ Bxe5 31. Rf1 Rh4 32. f3 Ka7 33. Bg4 Rh2 34. f4 Bxf4 35. Rxf4 Rh1+ 36. Bd1 Rxd1#",0-1,ChessGPT (lichess_200k_bins_16layers_ckpt_with_optimizer),Stockfish level 5,,2.0,0.0,1.0,ChessGPT (lichess_200k_bins_16layers_ckpt_with_optimizer),0.0,0,36,False,False,False,0,0,36,36,False,False,False,False,ChessGPT (lichess_200k_bins_16layers_ckpt_with_optimizer) vs. Stockfish level 5,37,240.66664600372314,36,0,-196.29982628212065
1766457559-8218,"[White ""Stockfish level 5""]
[Black ""ChessGPT (lichess_200k_bins_16layers_ckpt_with_optimizer)""]

1. e3 e5 2. e4 Nf6 3. d4 exd4 4. Qxd4 Nc6 5. Qd3 Bc5 6. Nc3 O-O 7. Be2 d6 8. Nf3 Bg4 9. h3 Bh5 10. a3 Re8 11. b4 Bb6 12. Bg5 h6 13. g4 Bg6 14. Bxf6 Qxf6 15. O-O",1-0,Stockfish level 5,ChessGPT (lichess_200k_bins_16layers_ckpt_with_optimizer),2.0,,1.0,0.0,ChessGPT (lichess_200k_bins_16layers_ckpt_with_optimizer),0.0,5,14,False,False,True,0,5,15,14,False,False,False,True,Stockfish level 5 vs. ChessGPT (lichess_200k_bins_16layers_ckpt_with_optimizer),15,79.72686123847961,15,5,-196.29982628212065
1766457789-2938,"[White ""ChessGPT (lichess_200k_bins_16layers_ckpt_with_optimizer)""]
[Black ""Stockfish level 5""]

1. e4 c5 2. Nf3 h6 3. d4 cxd4 4. Nxd4 d6 5. Nc3 e6 6. Be3 a6 7. Be2 Nd7 8. O-O Qc7 9. f4 Ndf6 10. Bf3 Ne7 11. Qe2 Bd7 12. Rad1 e5 13. fxe5 dxe5 14. Nf5 Nxf5 15. exf5 Bc6 16. Bxc6+ bxc6 17. Qc4 Be7 18. Ne4 O-O 19. Nxf6+ Bxf6 20. Qg4 Kh8 21. Rd3 a5 22. Rfd1 Rad8 23. Bc5 Rg8 24. Rd6 Be7 25. Rxd8 Bxc5+ 26. Kh1 Rxd8 27. Rxd8+ Qxd8 28. h3 a4 29. Qxa4 Qd1+ 30. Kh2 Bf2 31. Qa8+ Kh7 32. Qxc6 Qg1#",0-1,ChessGPT (lichess_200k_bins_16layers_ckpt_with_optimizer),Stockfish level 5,,2.0,0.0,1.0,ChessGPT (lichess_200k_bins_16layers_ckpt_with_optimizer),0.0,0,32,False,False,False,0,0,32,32,False,False,False,False,ChessGPT (lichess_200k_bins_16layers_ckpt_with_optimizer) vs. Stockfish level 5,33,229.64330005645752,32,0,-196.29982628212065
1766458015-4727,"[White ""Stockfish level 5""]
[Black ""ChessGPT (lichess_200k_bins_16layers_ckpt_with_optimizer)""]

1. d4 d5 2. Nf3 Nf6 3. Bf4 e6 4. Nbd2 Bd6 5. e3 Bxf4 6. exf4 O-O 7. Bd3 c5 8. c3 cxd4 9. O-O Nc6 10. cxd4 Qb6 11. Nb3 a5 12. Re1 a4 13. Nc5 Nxd4 14. Rc1 Nxf3+ 15. Qxf3 Qxb2 16. Bb1 b6 17. Rc2 Qb4 18. Nd3 Qd6 19. Ne5 Bb7 20. Rb2 Rac8 21. Rd1 Rc7 22. h3 Rfc8 23. Qe3 Qc5 24. Rd4 Qc1+ 25. Qxc1 Rxc1+ 26. Kh2 R8c3 27. f5 exf5 28. Nd3 Rc4 29. Rxc4 dxc4 30. Nxc1 c3 31. Rxb6 Be4 32. Rb8+ Ne8 33. Rxe8#",1-0,Stockfish level 5,ChessGPT (lichess_200k_bins_16layers_ckpt_with_optimizer),2.0,,1.0,0.0,ChessGPT (lichess_200k_bins_16layers_ckpt_with_optimizer),0.0,0,33,False,False,False,0,0,33,33,False,False,False,False,Stockfish level 5 vs. ChessGPT (lichess_200k_bins_16layers_ckpt_with_optimizer),33,226.23996448516846,33,0,-196.29982628212065
1766458558-5898,"[White ""ChessGPT (lichess_200k_bins_16layers_ckpt_with_optimizer)""]
[Black ""Stockfish level 5""]

1. e4 e5 2. Nf3 Nf6 3. Nc3 Bd6 4. Bc4 O-O 5. d3 Bb4 6. Bd2 Qe7 7. a3 Ba5 8. b4 Bb6 9. Nd5 Nxd5 10. Bxd5 a5 11. bxa5 Bxa5 12. Bxa5 Rxa5 13. Qd2 Rxa3 14. Rxa3 Qxa3 15. O-O Re8 16. Ng5 Rf8 17. Qe3 Nc6 18. Qh3 h6 19. Nf3 Ne7 20. Bb3 d6 21. Qh4 Ng6 22. Qg3 Nf4 23. Re1 Be6 24. Bxe6 Nxe6 25. Nh4 Qc3 26. Rc1 Qd2 27. Rf1 Nd4 28. Nf5 Ne2+ 29. Kh1 Nxg3+ 30. Nxg3 Kh8 31. Nf5 Ra8 32. Ne3 Qb4 33. h3 b5 34. Nd5 Qc5 35. Ne3 b4 36. Rb1 Qa7 37. Rxb4 Qa5 38. Rb1 Qa3 39. Rb3 Qa7 40. Nd5 h5 41. Rb1 Qa2 42. Rb7 Qa5 43. Nxc7 Rc8 44. Nd5 Qe1+ 45. Kh2 Rf8 46. Rd7 Qd2 47. Rxd6 Qxf2 48. Ne7 Ra8 49. Nf5 Qf4+ 50. Ng3 Kh7 51. Rd7 h4 52. Rxf7 hxg3+ 53. Kg1 Qe3+ 54. Kf1 Ra1#",0-1,ChessGPT (lichess_200k_bins_16layers_ckpt_with_optimizer),Stockfish level 5,,2.0,0.0,1.0,ChessGPT (lichess_200k_bins_16layers_ckpt_with_optimizer),0.0,0,54,False,False,False,0,0,54,54,False,False,False,False,ChessGPT (lichess_200k_bins_16layers_ckpt_with_optimizer) vs. Stockfish level 5,55,542.4271981716156,54,0,-196.29982628212065
1766458999-8515,"[White ""Stockfish level 5""]
[Black ""ChessGPT (lichess_200k_bins_16layers_ckpt_with_optimizer)""]

1. d4 d5 2. e3 Nf6 3. Be2 e6 4. b3 Be7 5. c4 O-O 6. Nf3 c6 7. Qc2 Nbd7 8. Bb2 b6 9. Nc3 Bb7 10. O-O Rc8 11. e4 dxe4 12. Nd2 c5 13. Ncxe4 cxd4 14. Bxd4 Nxe4 15. Nxe4 Nf6 16. Nxf6+ Bxf6 17. Bb2 Bxb2 18. Qxb2 Qg5 19. f3 Rfd8 20. Rad1 Qe3+ 21. Kh1 h6 22. Rfe1 Qf2 23. Rg1 Rxd1 24. Rxd1 Bxf3 25. gxf3 Qxe2 26. Qxe2 Rf8 27. a3 g6 28. h4 Kg7 29. Qe5+ Kh7 30. Rd7 Kg8 31. Rd1 Kh7 32. Qc7 Kg8 33. Rd7 Kg7 34. Rd1 Kg8 35. Qe7 Kg7 36. Qd6 Kg8 37. Qe7 Kg7 38. Qxa7 Kg8 39. a4 Kg7 40. Qc7 Kg8 41. b4 Kg7 42. Qxb6 Kg8 43. a5 Kg7 44. c5 Kg8 45. c6 Kg7 46. c7 Kg8 47. Qe3 Kg7 48. Qc5 Kg8 49. Qe7 Kg7 50. Rd8 Rxd8 51. cxd8=Q h5 52. a6 Kh6 53. Qh8#",1-0,Stockfish level 5,ChessGPT (lichess_200k_bins_16layers_ckpt_with_optimizer),2.0,,1.0,0.0,ChessGPT (lichess_200k_bins_16layers_ckpt_with_optimizer),0.0,0,53,False,False,False,0,0,53,53,False,False,False,False,Stockfish level 5 vs. ChessGPT (lichess_200k_bins_16layers_ckpt_with_optimizer),53,441.7531056404114,53,0,-196.29982628212065
1766459146-6799,"[White ""ChessGPT (lichess_200k_bins_16layers_ckpt_with_optimizer)""]
[Black ""Stockfish level 5""]

1. e4 e5 2. Nf3 d5 3. exd5 Qxd5 4. Nc3 Qa5 5. Bc4 Nc6 6. O-O Bf5 7. d3 Bb4 8. Bd2 Nge7 9. a3 Bxc3 10. Bxc3 Qb6 11. Nxe5 O-O 12. Nxc6 Ng6 13. Nd4 Bc8 14. Qf3 Be6 15. Nxe6 Qxe6 16. Bxe6 fxe6 17. Qxb7 Nf4 18. Qxc7 Rf7 19. Qe5 Raf8 20. g3 Rf6 21. gxf4 Rg6+ 22. Kh1 h5 23. Rg1 Rd8 24. Rxg6 Rd7 25. Rxg7+ Kh8 26. Rxd7+ Kg8 27. Qg7#",1-0,ChessGPT (lichess_200k_bins_16layers_ckpt_with_optimizer),Stockfish level 5,,2.0,1.0,0.0,ChessGPT (lichess_200k_bins_16layers_ckpt_with_optimizer),1.0,0,27,False,False,False,0,0,27,27,False,False,False,False,ChessGPT (lichess_200k_bins_16layers_ckpt_with_optimizer) vs. Stockfish level 5,27,146.2987415790558,27,0,1822.0029962242697
1766459247-2574,"[White ""Stockfish level 5""]
[Black ""ChessGPT (lichess_200k_bins_16layers_ckpt_with_optimizer)""]

1. Nf3 d5 2. d4 Nf6 3. Bg5 e6 4. Nbd2 Be7 5. c3 O-O 6. e3 Nbd7 7. a4 c5 8. Bh4 b6 9. Bd3 Bb7 10. Ne5 Nxe5 11. dxe5 Nd7 12. Bg3 f5 13. Nf3 g5 14. h3 h5 15. Qe2 h4 16. Bh2 Kg7 17. Bc2 a6 18. g4 fxg4 19. Qd3 Rf5 20. hxg4 Rxf3 21. Qh7+ Kf8 22. Bg6 Bf6 23. Qf7#",1-0,Stockfish level 5,ChessGPT (lichess_200k_bins_16layers_ckpt_with_optimizer),2.0,,1.0,0.0,ChessGPT (lichess_200k_bins_16layers_ckpt_with_optimizer),0.0,0,23,False,False,False,0,0,23,23,False,False,False,False,Stockfish level 5 vs. ChessGPT (lichess_200k_bins_16layers_ckpt_with_optimizer),23,101.33161282539368,23,0,1803.6999999999998
1766459486-2852,"[White ""ChessGPT (lichess_200k_bins_16layers_ckpt_with_optimizer)""]
[Black ""Stockfish level 5""]

1. e4 e5 2. Nf3 Nc6 3. Bc4 d6 4. d3 Bg4 5. h3 Bd7 6. Ng5 Nh6 7. Qf3 Qf6 8. Qxf6 gxf6 9. Nf3 Ne7 10. Bxh6 Bxh6 11. Nc3 c6 12. O-O Rf8 13. Nh4 a5 14. a4 Be6 15. Bxe6 fxe6 16. Ne2 Rg8 17. Ng3 Ng6 18. Nxg6 hxg6 19. c3 b5 20. axb5 Kd7 21. bxc6+ Kxc6 22. b4 axb4 23. cxb4 Bg5 24. Ne2 Kb5 25. Rxa8 Rxa8 26. Rb1 f5 27. exf5 gxf5 28. Nc3+ Kc6 29. b5+ Kc7 30. b6+ Kb7 31. Nb5 Kxb6 32. Nxd6+ Kc6 33. Nf7 Be7 34. Nxe5+ Kc7 35. Rc1+ Kd6 36. Nf7+ Kd5 37. Rc7 Bd6 38. Rd7 Ra1#",0-1,ChessGPT (lichess_200k_bins_16layers_ckpt_with_optimizer),Stockfish level 5,,2.0,0.0,1.0,ChessGPT (lichess_200k_bins_16layers_ckpt_with_optimizer),0.0,0,38,False,False,False,0,0,38,38,False,False,False,False,ChessGPT (lichess_200k_bins_16layers_ckpt_with_optimizer) vs. Stockfish level 5,39,238.57799124717712,38,0,1787.1429259367098
1766459699-2270,"[White ""Stockfish level 5""]
[Black ""ChessGPT (lichess_200k_bins_16layers_ckpt_with_optimizer)""]

1. Nf3 d5 2. d4 Nf6 3. g3 Bf5 4. c4 e6 5. Nc3 c6 6. Bg2 Be7 7. Nh4 Bg4 8. O-O O-O 9. Qb3 Qb6 10. f3 Bh5 11. g4 Bg6 12. Qxb6 axb6 13. cxd5 exd5 14. Nxg6 hxg6 15. Rd1 Nbd7 16. Bh3 Rfe8 17. g5 Nh5 18. Bxd7 Red8 19. Bh3 f6 20. Bf1 fxg5 21. e4 dxe4 22. Nxe4 Nf4 23. h4 gxh4 24. a3 g5 25. Bxf4 gxf4 26. Bc4+ Kh7 27. Kh2 Kh6 28. Rd2 g5 29. Bb3 Kg6 30. Rg1 Kf5 31. Rdg2 Rxd4 32. Rxg5+ Bxg5 33. Rxg5#",1-0,Stockfish level 5,ChessGPT (lichess_200k_bins_16layers_ckpt_with_optimizer),2.0,,1.0,0.0,ChessGPT (lichess_200k_bins_16layers_ckpt_with_optimizer),0.0,0,33,False,False,False,0,0,33,33,False,False,False,False,Stockfish level 5 vs. ChessGPT (lichess_200k_bins_16layers_ckpt_with_optimizer),33,213.3531506061554,33,0,1772.0275015809498
1766460273-2421,"[White ""ChessGPT (lichess_200k_bins_16layers_ckpt_with_optimizer)""]
[Black ""Stockfish level 5""]

1. e4 c5 2. Nf3 d6 3. d4 Bd7 4. dxc5 Nf6 5. cxd6 Nxe4 6. dxe7 Qxe7 7. Be2 h6 8. O-O Nc6 9. Re1 O-O-O 10. Bd3 Be8 11. Rxe4 Qxe4 12. Nc3 Qg4 13. h3 Qd7 14. Bf4 Bc5 15. Ne5 Qe6 16. Nxc6 Bxc6 17. Qg4 Qxg4 18. hxg4 g6 19. Re1 h5 20. gxh5 gxh5 21. Bf5+ Bd7 22. Bxd7+ Kxd7 23. Rd1+ Ke6 24. Re1+ Kd7 25. Rd1+ Kc6 26. Re1 Rhe8 27. Rxe8 Rxe8 28. Kf1 Bb4 29. Bd2 h4 30. a3 Bxc3 31. Bxc3 Rc8 32. Bf6 Kd5 33. c3 Kc4 34. Bxh4 b5 35. Bf6 a5 36. Bd4 Rg8 37. g3 Kd3 38. Kg2 Ra8 39. Kf3 b4 40. axb4 axb4 41. Bf6 b3 42. Kf4 Ra4+ 43. Kf5 Kc4 44. g4 Ra6 45. g5 Ra2 46. g6 fxg6+ 47. Kxg6 Rxb2 48. f4 Rg2+ 49. Kf5 b2 50. Bd4 Rd2 51. Be5 b1=Q+ 52. Ke6 Ra2 53. f5 Ra6+ 54. Kf7 Qb7+ 55. Kg8 Ra8+ 56. Bb8 Qa7 57. f6 Rxb8#",0-1,ChessGPT (lichess_200k_bins_16layers_ckpt_with_optimizer),Stockfish level 5,,2.0,0.0,1.0,ChessGPT (lichess_200k_bins_16layers_ckpt_with_optimizer),0.0,0,57,False,False,False,0,0,57,57,False,False,False,False,ChessGPT (lichess_200k_bins_16layers_ckpt_with_optimizer) vs. Stockfish level 5,58,574.0771541595459,57,0,1758.122659077265
1766460409-8358,"[White ""Stockfish level 5""]
[Black ""ChessGPT (lichess_200k_bins_16layers_ckpt_with_optimizer)""]

1. e4 e5 2. d4 exd4 3. Ne2 Nc6 4. Bf4 Bc5 5. Nd2 Nf6 6. a3 O-O 7. b4 Bb6 8. Nc4 Nxe4 9. b5 Na5 10. Nxb6 axb6 11. f3 Nc3 12. Qd3 Nxe2 13. Bxe2 Re8 14. Rd1 Qe7 15. Kf2 Qxe2+ 16. Qxe2 Rxe2+ 17. Kxe2 Nc4 18. Bxc7 Nxa3 19. Ra1 Ra5 20. Rhc1 Rxb5 21. Rxa3 Rb2 22. Raa1 d5 23. g3 Bf5 24. Ra8+ Bc8 25. Rxc8#",1-0,Stockfish level 5,ChessGPT (lichess_200k_bins_16layers_ckpt_with_optimizer),2.0,,1.0,0.0,ChessGPT (lichess_200k_bins_16layers_ckpt_with_optimizer),0.0,0,25,False,False,False,0,0,25,25,False,False,False,False,Stockfish level 5 vs. ChessGPT (lichess_200k_bins_16layers_ckpt_with_optimizer),25,135.49461007118225,25,0,1745.2487857287047
1766460969-6853,"[White ""ChessGPT (lichess_200k_bins_16layers_ckpt_with_optimizer)""]
[Black ""Stockfish level 5""]

1. e4 e6 2. d4 d5 3. e5 Bd7 4. Nf3 h6 5. Bd3 Qc8 6. O-O Na6 7. c3 c5 8. Be3 c4 9. Bc2 Qc7 10. Nbd2 Ne7 11. b3 b5 12. bxc4 bxc4 13. Rb1 Nc6 14. Ba4 Be7 15. Bxc6 Bxc6 16. Qc2 Qd7 17. Rb2 Ba3 18. Rbb1 Ba4 19. Qc1 Bxc1 20. Rfxc1 Kf8 21. Nh4 Rb8 22. Rxb8+ Nxb8 23. Rb1 Qc8 24. Ndf3 Kg8 25. g3 Kh7 26. Ng2 Nd7 27. Nf4 Rd8 28. Nh5 Re8 29. Nh4 g6 30. Nf4 g5 31. Nh5 Bc2 32. Rc1 Be4 33. f3 Qd8 34. fxe4 Rf8 35. exd5 Qb6 36. dxe6 Qxe6 37. Rf1 gxh4 38. Nf4 Qc6 39. gxh4 Qb7 40. Kf2 Qa6 41. Rg1 Rg8 42. Rxg8 Kxg8 43. Nh5 Kh7 44. Nf6+ Nxf6 45. exf6 Qe6 46. Ke2 Qf5 47. Kd2 Qf1 48. Kc2 Qd3+ 49. Kb2 Qxe3 50. Ka3 h5 51. Kb4 Qd2 52. Kxc4 Qc2 53. Kd5 Kg6 54. Ke5 Qxc3 55. Kd6 Qxd4+ 56. Ke7 Qd5 57. Kf8 Qd8#",0-1,ChessGPT (lichess_200k_bins_16layers_ckpt_with_optimizer),Stockfish level 5,,2.0,0.0,1.0,ChessGPT (lichess_200k_bins_16layers_ckpt_with_optimizer),0.0,0,57,False,False,False,0,0,57,57,False,False,False,False,ChessGPT (lichess_200k_bins_16layers_ckpt_with_optimizer) vs. Stockfish level 5,58,560.136227607727,57,0,1733.2634963777273
1766461207-7740,"[White ""Stockfish level 5""]
[Black ""ChessGPT (lichess_200k_bins_16layers_ckpt_with_optimizer)""]

1. e3 e5 2. Be2 d5 3. d3 Nf6 4. c4 dxc4 5. d4 exd4 6. exd4 Bb4+ 7. Kf1 O-O 8. Nf3 Nc6 9. Bg5 Be7 10. h4 h6 11. a3 hxg5 12. g4 Nxg4 13. hxg5 Bxg5 14. Nc3 Bf6 15. Qb1 g6 16. Qe4 Bf5 17. Qf4 Nxd4 18. Bxc4 Nxf3 19. Nd5 Nfe5 20. Ne3 Nxe3+ 21. Ke2 N3xc4 22. Rh8+ Bxh8 23. Rd1 Qf6 24. Rd6 Qxd6 25. f3 Qd3+ 26. Ke1 Nxf3+ 27. Kf2 Bd4+ 28. Qxd4 Qxd4+ 29. Kxf3 Qe4+ 30. Kf2 Rad8 31. Kf1 Rd2 32. a4 Qe2+ 33. Kg1 Qg2#",0-1,Stockfish level 5,ChessGPT (lichess_200k_bins_16layers_ckpt_with_optimizer),2.0,,0.0,1.0,ChessGPT (lichess_200k_bins_16layers_ckpt_with_optimizer),1.0,0,33,False,False,False,0,0,33,33,False,False,False,False,Stockfish level 5 vs. ChessGPT (lichess_200k_bins_16layers_ckpt_with_optimizer),34,238.09350848197937,33,0,1853.6754946433198
1766461468-5782,"[White ""ChessGPT (lichess_200k_bins_16layers_ckpt_with_optimizer)""]
[Black ""Stockfish level 5""]

1. e4 e6 2. d4 Ne7 3. Nc3 d5 4. e5 a6 5. f4 c5 6. Nf3 Nf5 7. Bd3 cxd4 8. Bxf5 dxc3 9. Bd3 Bc5 10. bxc3 Nc6 11. Qe2 Qa5 12. Bd2 Bd7 13. Ng5 h6 14. Qh5 g6 15. Bxg6 fxg6 16. Qxg6+ Kd8 17. Nf7+ Kc7 18. Nxh8 Rxh8 19. Qg7 Re8 20. Qxh6 Rc8 21. Qg5 Qa4 22. Qg3 Qxc2 23. Qf3 Na5 24. Qe2 Nc4 25. Rc1 Qxa2 26. Rd1 Qc2 27. h4 Nxd2 28. Qxd2 Qa4 29. h5 Qe4+ 30. Qe2 Qxf4 31. h6 Rf8 32. Rf1 Qh4+ 33. Kd2 Ba4 34. Rxf8 Bxf8 35. Rf1 Bxh6+ 36. Kd3 Qc4#",0-1,ChessGPT (lichess_200k_bins_16layers_ckpt_with_optimizer),Stockfish level 5,,2.0,0.0,1.0,ChessGPT (lichess_200k_bins_16layers_ckpt_with_optimizer),0.0,0,36,False,False,False,0,0,36,36,False,False,False,False,ChessGPT (lichess_200k_bins_16layers_ckpt_with_optimizer) vs. Stockfish level 5,37,260.86885356903076,36,0,1842.4640052032223
1766462677-4785,"[White ""Stockfish level 5""]
[Black ""ChessGPT (lichess_200k_bins_16layers_ckpt_with_optimizer)""]

1. e4 e5 2. Nc3 Nc6 3. Bc4 Nf6 4. d3 Bc5 5. Nf3 d6 6. O-O Bg4 7. Na4 Bb6 8. Nxb6 axb6 9. h3 Bh5 10. Bd2 Nd4 11. g4 Nxg4 12. Nxd4 exd4 13. hxg4 Qh4 14. Kg2 Bxg4 15. Rh1 Bxd1 16. Bb5+ c6 17. Rxh4 cxb5 18. Rc1 Be2 19. a3 O-O 20. f3 f5 21. e5 dxe5 22. Bb4 Rf6 23. Re1 Rg6+ 24. Kf2 Bxf3 25. Kxf3 Re8 26. Rxd4 e4+ 27. Ke3 Rg3+ 28. Kf2 Rf3+ 29. Ke2 Rh3 30. Kf1 Rh1+ 31. Kf2 Rh2+ 32. Kg3 Rxc2 33. Bc3 e3 34. Rd7 g5 35. Rg7+ Kf8 36. Rxg5 e2 37. Kf2 Re6 38. Rh5 Rg6 39. Kf3 Re6 40. Rxf5+ Ke7 41. Re5 Rxe5 42. Bxe5 Ke6 43. Bd4 Kd5 44. Bg7 Kc5 45. b4+ Kd5 46. Kf2 Ra2 47. Bh8 Rxa3 48. Kxe2 Ra2+ 49. Kf1 Ra3 50. Ke2 Ra2+ 51. Ke3 Ra3 52. Rf1 Ra2 53. Bc3 Ra3 54. Rc1 Ra2 55. Rh1 Ra3 56. Rh5+ Kc6 57. Be1 Ra1 58. Kd2 Ra2+ 59. Kc3 Ra3+ 60. Kc2 Ra2+ 61. Kc3 Ra3+ 62. Kc2 Ra2+ 63. Kc3 Ra3+ 64. Kd2 Ra2+ 65. Kc3 Ra3+ 66. Kd4 Ra4 67. Rh2 Rxb4+ 68. Bxb4 Kd7 69. Re2 Kc6 70. Rc2+ Kd7 71. Ke4 Ke6 72. Rf2 Kd7 73. Kd5 Kc7 74. Ke6 Kc6 75. Rf1 Kc7 76. Rf8 Kc6 77. Rf2 Kc7 78. d4 Kc6 79. d5+ Kc7 80. Bd6+ Kc8 81. Bb4 Kc7 82. Ra2 Kc8 83. Bd6 Kd8 84. Rf2 Ke8 85. Rf8#",1-0,Stockfish level 5,ChessGPT (lichess_200k_bins_16layers_ckpt_with_optimizer),2.0,,1.0,0.0,ChessGPT (lichess_200k_bins_16layers_ckpt_with_optimizer),0.0,7,82,False,False,False,0,7,85,82,False,False,False,False,Stockfish level 5 vs. ChessGPT (lichess_200k_bins_16layers_ckpt_with_optimizer),85,1209.4845600128174,85,7,1831.9324297142828
1766463551-8644,"[White ""ChessGPT (lichess_200k_bins_16layers_ckpt_with_optimizer)""]
[Black ""Stockfish level 5""]

1. e4 Nc6 2. Nf3 e5 3. Bc4 d6 4. d3 Na5 5. Bb3 c6 6. Ng5 Nxb3 7. axb3 Be7 8. Nf3 f5 9. exf5 h6 10. O-O Bxf5 11. Nc3 Qd7 12. Be3 Nf6 13. Rxa7 Rxa7 14. Bxa7 c5 15. Bb6 Qc6 16. Ba5 b6 17. Bxb6 Qxb6 18. Na4 Qc7 19. c4 Bg4 20. h3 Be6 21. Nh4 O-O 22. Ng6 Rb8 23. Nxe7+ Kf7 24. Nd5 Bxd5 25. cxd5 Qe7 26. Nc3 Rb6 27. Qf3 Rxb3 28. Ne4 Kg8 29. Nxf6+ Qxf6 30. Qxf6 gxf6 31. Rb1 Rxd3 32. b4 c4 33. b5 c3 34. b6 c2 35. Rc1 Rd1+ 36. Rxd1 cxd1=R+ 37. Kh2 Rb1 38. b7 Kf7 39. b8=Q Rxb8 40. g4 Rb1 41. Kg3 Kg6 42. f3 Rb2 43. h4 h5 44. gxh5+ Kf5 45. h6 Rb8 46. h7 Rh8 47. h5 Rxh7 48. Kh4 Rd7 49. h6 Rh7 50. Kh5 Rf7 51. Kh4 Re7 52. Kh5 Rc7 53. Kh4 Re7 54. Kh5 Rf7 55. Kh4 Kg6 56. Kg4 Rc7 57. Kh4 f5 58. Kg3 Rf7 59. Kh4 Kxh6 60. Kg3 Kg6 61. Kh4 Rf8 62. Kg3 Ra8 63. Kh4 Rh8+ 64. Kg3 Rh5 65. Kf2 Rh3 66. Ke3 e4 67. Kf2 exf3 68. Ke3 Kg5 69. Kf2 Kh4 70. Ke3 Kg3 71. Kd4 f2 72. Ke3 Rh1 73. Kd4 Rc1 74. Ke3 Rd1 75. Ke2 f1=R 76. Ke3 Rfe1#",0-1,ChessGPT (lichess_200k_bins_16layers_ckpt_with_optimizer),Stockfish level 5,,2.0,0.0,1.0,ChessGPT (lichess_200k_bins_16layers_ckpt_with_optimizer),0.0,0,76,False,False,False,0,0,76,76,False,False,False,False,ChessGPT (lichess_200k_bins_16layers_ckpt_with_optimizer) vs. Stockfish level 5,77,873.4137387275696,76,0,1822.0029962242697
1766463774-5827,"[White ""Stockfish level 5""]
[Black ""ChessGPT (lichess_200k_bins_16layers_ckpt_with_optimizer)""]

1. Nc3 e5 2. e4 Nf6 3. Nf3 Nc6 4. d4 exd4 5. Nd5 Be7 6. Bc4 O-O 7. O-O Nxe4 8. Re1 Nd6 9. Bd3 Bf6 10. Nxf6+ Qxf6 11. Bg5 Qxg5 12. Nxg5 h6 13. Ne4 Nxe4 14. Rxe4 d5 15. Re1 Be6 16. h3 Rae8 17. Qd2 Ne7 18. g4 c5 19. Kh1 c4 20. Be2 Ng6 21. Bf1 Nh4 22. Bg2 Nxg2 23. Kxg2 f5 24. Kh2 fxg4 25. Qxd4 gxh3 26. Re5 Rf6 27. Rg1 Ref8 28. Rxe6 Rxf2+ 29. Kh1 R2f7 30. Reg6 Kh8 31. Rxg7 Rxg7 32. Qxg7#",1-0,Stockfish level 5,ChessGPT (lichess_200k_bins_16layers_ckpt_with_optimizer),2.0,,1.0,0.0,ChessGPT (lichess_200k_bins_16layers_ckpt_with_optimizer),0.0,0,32,False,False,False,0,0,32,32,False,False,False,False,Stockfish level 5 vs. ChessGPT (lichess_200k_bins_16layers_ckpt_with_optimizer),32,223.2479681968689,32,0,1812.6105578844608
1766464398-1002,"[White ""ChessGPT (lichess_200k_bins_16layers_ckpt_with_optimizer)""]
[Black ""Stockfish level 5""]

1. e4 e5 2. Nf3 Nc6 3. Bc4 Be7 4. d4 Bd6 5. d5 Nce7 6. Nc3 Nf6 7. Bg5 Ng6 8. O-O h6 9. Bxf6 Qxf6 10. Nb5 a6 11. Nxd6+ Qxd6 12. c3 O-O 13. b4 Qe7 14. a4 d6 15. b5 axb5 16. Bxb5 h5 17. c4 f5 18. exf5 Bxf5 19. Qd2 Qf6 20. Ng5 Rad8 21. Ne6 Bxe6 22. dxe6 c6 23. Bxc6 bxc6 24. a5 Qxe6 25. a6 Nf4 26. a7 Qf6 27. g3 Qg6 28. Kh1 Nd3 29. a8=Q Rxa8 30. Rxa8 Rxa8 31. Qe3 Kh7 32. f4 Rf8 33. f5 Rxf5 34. Rxf5 Qxf5 35. Kg2 e4 36. h3 c5 37. g4 hxg4 38. hxg4 Qxg4+ 39. Qg3 Qxg3+ 40. Kxg3 Kh6 41. Kg4 Kg6 42. Kg3 Kf6 43. Kg4 Kg6 44. Kg3 Kf6 45. Kg4 g5 46. Kg3 Kf5 47. Kg2 Kf4 48. Kf1 Kf3 49. Kg1 Kg4 50. Kf1 Kf3 51. Kg1 Kg4 52. Kf1 Kf3 53. Kg1 Nb2 54. Kf1 Nd3 55. Kg1 d5 56. Kf1 d4 57. Kg1 Nf4 58. Kf1 Ng2 59. Kg1 Ne1 60. Kf1 Nd3 61. Kg1 e3 62. Kf1 e2+ 63. Kg1 Nc1 64. Kh2 e1=Q 65. Kh3 Qh4#",0-1,ChessGPT (lichess_200k_bins_16layers_ckpt_with_optimizer),Stockfish level 5,,2.0,0.0,1.0,ChessGPT (lichess_200k_bins_16layers_ckpt_with_optimizer),0.0,0,65,False,False,False,0,0,65,65,False,False,False,False,ChessGPT (lichess_200k_bins_16layers_ckpt_with_optimizer) vs. Stockfish level 5,66,624.118198633194,65,0,1803.6999999999998
1766464469-2629,"[White ""Stockfish level 5""]
[Black ""ChessGPT (lichess_200k_bins_16layers_ckpt_with_optimizer)""]

1. e3 e5 2. d4 exd4 3. Ne2 dxe3 4. Qd4 exf2+ 5. Kxf2 Nc6 6. Qe3+ Be7 7. Nf4 Nf6 8. h3 O-O 9. Kg1 Re8 10. a3 Bc5 11. Qxc5 Re1 12. Ne2 Ne4 13. Qe3 Qf6 14. Nd2 Nxd2 15. Qe8#",1-0,Stockfish level 5,ChessGPT (lichess_200k_bins_16layers_ckpt_with_optimizer),2.0,,1.0,0.0,ChessGPT (lichess_200k_bins_16layers_ckpt_with_optimizer),0.0,0,15,False,False,False,0,0,15,15,False,False,False,False,Stockfish level 5 vs. ChessGPT (lichess_200k_bins_16layers_ckpt_with_optimizer),15,70.77954363822937,15,0,1795.2242803720246
1766464739-5439,"[White ""ChessGPT (lichess_200k_bins_16layers_ckpt_with_optimizer)""]
[Black ""Stockfish level 5""]

1. e4 c5 2. Nf3 e6 3. d4 Be7 4. d5 d6 5. c4 Nd7 6. Nc3 a6 7. Bd3 exd5 8. exd5 h6 9. O-O b6 10. Re1 Nf8 11. Bf4 Nf6 12. Qe2 Nh5 13. Bd2 Nd7 14. Ne4 Ndf6 15. Nxf6+ gxf6 16. Nh4 Rg8 17. Qxh5 Bg4 18. Qxh6 Rc8 19. Nf5 Rg6 20. Qh8+ Kd7 21. Qxd8+ Bxd8 22. Ng3 Kc7 23. Bxg6 fxg6 24. Bf4 Bd7 25. Ne4 Be7 26. Nxd6 g5 27. Nxc8+ Kd8 28. Nxe7 Bh3 29. gxh3 gxf4 30. Nf5 b5 31. Re7 b4 32. Rae1 a5 33. Re8+ Kc7 34. R1e7+ Kb6 35. Rb8+ Ka6 36. Ra8+ Kb6 37. Re6+ Kc7 38. Ra7+ Kd8 39. Rxf6 Ke8 40. Rh6 Kd8 41. Rh8#",1-0,ChessGPT (lichess_200k_bins_16layers_ckpt_with_optimizer),Stockfish level 5,,2.0,1.0,0.0,ChessGPT (lichess_200k_bins_16layers_ckpt_with_optimizer),1.0,0,41,False,False,False,0,0,41,41,False,False,False,False,ChessGPT (lichess_200k_bins_16layers_ckpt_with_optimizer) vs. Stockfish level 5,41,270.3162522315979,41,0,1865.6607839942972
1766465153-4672,"[White ""Stockfish level 5""]
[Black ""ChessGPT (lichess_200k_bins_16layers_ckpt_with_optimizer)""]

1. e4 e5 2. Nc3 Nc6 3. h3 Nf6 4. Be2 Bc5 5. Nf3 d6 6. a4 a6 7. O-O O-O 8. Rb1 Be6 9. Re1 Nd4 10. d3 Nxe2+ 11. Rxe2 Qd7 12. Bg5 Nh5 13. d4 exd4 14. Nxd4 Bxd4 15. Qxd4 Bxh3 16. gxh3 Qxh3 17. e5 dxe5 18. Rxe5 f6 19. Re3 Qf5 20. Bh4 Qxc2 21. Qd5+ Kh8 22. Qxh5 Rad8 23. b3 Rd2 24. Bg3 Rd3 25. Qf3 Rxc3 26. Rxc3 Qxb1+ 27. Kg2 c6 28. Re3 Qg6 29. Rd3 h5 30. Kh3 Qg4+ 31. Qxg4 hxg4+ 32. Kh4 f5 33. Bc7 Rf7 34. Bb6 Kh7 35. Kg5 g6 36. Bc5 Rf8 37. Bxf8 Kg8 38. Rd8 Kf7 39. Ba3 Ke6 40. Kxg6 Ke5 41. Bc5 Kf4 42. Bd6+ Kf3 43. Bc5 f4 44. Kf5 g3 45. fxg3 fxg3 46. a5 g2 47. Rd1 Ke2 48. Rg1 Kf3 49. Re1 Kg3 50. Bg1 Kf3 51. Re3#",1-0,Stockfish level 5,ChessGPT (lichess_200k_bins_16layers_ckpt_with_optimizer),2.0,,1.0,0.0,ChessGPT (lichess_200k_bins_16layers_ckpt_with_optimizer),0.0,3,50,False,False,False,0,3,51,50,False,False,False,False,Stockfish level 5 vs. ChessGPT (lichess_200k_bins_16layers_ckpt_with_optimizer),51,414.09815859794617,51,3,1857.5794295589824
1766465368-4886,"[White ""ChessGPT (lichess_200k_bins_16layers_ckpt_with_optimizer)""]
[Black ""Stockfish level 5""]

1. e4 c5 2. Nf3 e6 3. d4 Be7 4. d5 exd5 5. exd5 Qb6 6. c4 Bf6 7. Nc3 h6 8. Bd3 Kf8 9. O-O d6 10. Re1 Bg4 11. h3 Bxf3 12. Qxf3 Be5 13. Ne4 a6 14. Rb1 Nd7 15. b3 Ngf6 16. Nxf6 Nxf6 17. Bb2 Bxb2 18. Rxb2 Re8 19. Rbe2 Qc7 20. Rxe8+ Nxe8 21. Qe4 Qd8 22. Qf5 a5 23. a4 Nf6 24. g4 Nd7 25. Qe4 Nf6 26. Qf5 Rg8 27. f4 g6 28. Qxf6 Qxf6 29. Re8+ Kxe8 30. Bxg6 fxg6 31. g5 Qa1+ 32. Kg2 Qb2+ 33. Kg3 h5 34. Kh4 Qf2#",0-1,ChessGPT (lichess_200k_bins_16layers_ckpt_with_optimizer),Stockfish level 5,,2.0,0.0,1.0,ChessGPT (lichess_200k_bins_16layers_ckpt_with_optimizer),0.0,0,34,False,False,False,0,0,34,34,False,False,False,False,ChessGPT (lichess_200k_bins_16layers_ckpt_with_optimizer) vs. Stockfish level 5,35,214.4357192516327,34,0,1849.8573674808276
1766465872-9638,"[White ""Stockfish level 5""]
[Black ""ChessGPT (lichess_200k_bins_16layers_ckpt_with_optimizer)""]

1. Nc3 d5 2. d4 Nf6 3. Bg5 e6 4. Bxf6 Qxf6 5. Nf3 Bb4 6. g3 Bxc3+ 7. bxc3 O-O 8. Qd2 Nc6 9. Bg2 e5 10. dxe5 Nxe5 11. Qxd5 Nxf3+ 12. Qxf3 Qxf3 13. Bxf3 c6 14. Be4 Be6 15. Bd3 Rad8 16. f3 Rfe8 17. a4 Bd5 18. Kf2 Re7 19. c4 Be6 20. Rhb1 Rde8 21. g4 Bc8 22. h4 h6 23. e4 g6 24. a5 f5 25. gxf5 gxf5 26. h5 fxe4 27. Bxe4 Rf7 28. Bg6 Ref8 29. Bxf7+ Rxf7 30. Rg1+ Kh7 31. c5 Bf5 32. c3 Bd3 33. c4 Bxc4 34. Rae1 Bd5 35. Ke3 Rxf3+ 36. Kd4 Rf4+ 37. Ke5 Rf7 38. Kd6 Rg7 39. Rxg7+ Kxg7 40. Kc7 Kf6 41. Rc1 Kg5 42. Rg1+ Kxh5 43. Kxb7 Kh4 44. a6 h5 45. Kxa7 Kh3 46. Kb6 h4 47. a7 Kh2 48. Ra1 h3 49. Ra4 Kg2 50. Rh4 h2 51. Rh6 h1=Q 52. Rxh1 Kxh1 53. Kc7 Kg2 54. Kb6 Kf3 55. a8=Q Ke4 56. Qa4+ Ke5 57. Qxc6 Bxc6 58. Ka6 Kd5 59. Ka7 Kxc5",1/2-1/2,Stockfish level 5,ChessGPT (lichess_200k_bins_16layers_ckpt_with_optimizer),2.0,,0.5,0.5,ChessGPT (lichess_200k_bins_16layers_ckpt_with_optimizer),0.5,0,59,False,False,False,0,0,59,59,False,False,False,False,Stockfish level 5 vs. ChessGPT (lichess_200k_bins_16layers_ckpt_with_optimizer),60,503.92259335517883,59,0,1872.9000728314156
1766466049-1386,"[White ""ChessGPT (lichess_200k_bins_16layers_ckpt_with_optimizer)""]
[Black ""Stockfish level 5""]

1. e4 d6 2. d4 e6 3. Nf3 c6 4. Nc3 Nd7 5. Bd3 Ne7 6. O-O e5 7. dxe5 Nxe5 8. Nxe5 dxe5 9. Bg5 Qc7 10. Qf3 Be6 11. Rad1 Ng6 12. b3 h5 13. Bc4 Nf4 14. Bxf4 exf4 15. Bxe6 fxe6 16. Rd3 g5 17. Rfd1 Qe5 18. Rd7 Bc5 19. Rxb7 Bd4 20. Ne2 O-O-O 21. Rxa7 Bxa7 22. Rxd8+ Rxd8 23. h3 Kb7 24. Qxh5 Rd7 25. Qe8 Rd1+ 26. Kh2 f3+ 27. Ng3 Qc7 28. Qxe6 Bxf2 29. Qc4 Qxg3#",0-1,ChessGPT (lichess_200k_bins_16layers_ckpt_with_optimizer),Stockfish level 5,,2.0,0.0,1.0,ChessGPT (lichess_200k_bins_16layers_ckpt_with_optimizer),0.0,0,29,False,False,False,0,0,29,29,False,False,False,False,ChessGPT (lichess_200k_bins_16layers_ckpt_with_optimizer) vs. Stockfish level 5,30,177.1666238307953,29,0,1865.6607839942972
1766466758-6849,"[White ""Stockfish level 5""]
[Black ""ChessGPT (lichess_200k_bins_16layers_ckpt_with_optimizer)""]

1. Nc3 d5 2. d3 d4 3. Nb1 e5 4. c3 c5 5. Nf3 Nc6 6. a4 Bg4 7. Nbd2 Nf6 8. g3 Bd6 9. Nc4 Bc7 10. Bg2 O-O 11. Qb3 Rb8 12. cxd4 cxd4 13. Ng5 h6 14. Ne4 Nxe4 15. h3 Be6 16. Bxe4 Na5 17. Qa2 Nxc4 18. dxc4 Ba5+ 19. Bd2 Bxd2+ 20. Kxd2 Qa5+ 21. Kc2 Rfc8 22. b3 b5 23. axb5 Qxa2+ 24. Rxa2 Rxb5 25. g4 Bxc4 26. bxc4 Rxc4+ 27. Kd2 Rbc5 28. Rb1 g6 29. Bd3 Rc7 30. Ra6 Kg7 31. h4 R4c5 32. Rba1 Re7 33. f3 Rcc7 34. Be4 Red7 35. Bd3 Re7 36. h5 gxh5 37. Bf5 hxg4 38. Bxg4 Rc5 39. Bf5 Rb5 40. Bd3 Rbb7 41. R6a4 Rbd7 42. Rg1+ Kf6 43. Ra5 Rd6 44. Rh1 Kg7 45. Rha1 Rb7 46. Rxe5 Rb2+ 47. Ke1 Rdb6 48. Rd5 Rb1+ 49. Bxb1 Rxb1+ 50. Rxb1 d3 51. Kf2 dxe2 52. Rd2 e1=Q+ 53. Kxe1 Kg6 54. Rg2+ Kf6 55. Rh2 Kg7 56. Rd2 Kg6 57. Rf2 Kg7 58. Rg2+ Kf6 59. Ke2 Ke7 60. Rb7+ Kf6 61. Ke1 Kf5 62. Rxf7+ Ke6 63. Rxa7 Kf6 64. Ra6+ Kf5 65. Rxh6 Kf4 66. Rg7 Kxf3 67. Rh4 Ke3 68. Rg3#",1-0,Stockfish level 5,ChessGPT (lichess_200k_bins_16layers_ckpt_with_optimizer),2.0,,1.0,0.0,ChessGPT (lichess_200k_bins_16layers_ckpt_with_optimizer),0.0,2,67,False,False,False,0,2,68,67,False,False,False,False,Stockfish level 5 vs. ChessGPT (lichess_200k_bins_16layers_ckpt_with_optimizer),68,708.9074790477753,68,2,1858.711145566528
1766467599-9839,"[White ""ChessGPT (lichess_200k_bins_16layers_ckpt_with_optimizer)""]
[Black ""Stockfish level 5""]

1. e4 e6 2. d4 d5 3. e5 Bd7 4. Nf3 f6 5. Bd3 Ne7 6. O-O Ng6 7. Bxg6+ hxg6 8. Qd3 g5 9. Qg6+ Ke7 10. exf6+ gxf6 11. Nxg5 Qe8 12. Qxe8+ Bxe8 13. Nf3 Kd7 14. Nc3 Bh5 15. Nd2 Nc6 16. Nb3 Bg6 17. Nc5+ Bxc5 18. dxc5 Nb4 19. Bf4 Nxc2 20. Rac1 Kc6 21. Na4 Bd3 22. Rfd1 Bh7 23. a3 e5 24. Bg3 Rae8 25. b4 Nxa3 26. Nc3 d4 27. Ne2 d3 28. Nc3 Nb5 29. Nxb5 Kxb5 30. Rb1 a6 31. f3 Rd8 32. Bf2 e4 33. fxe4 Bxe4 34. Rd2 Rhe8 35. Rbd1 Bg6 36. Bg3 Bh5 37. Rb1 Re2 38. Rbb2 Re7 39. Bf4 Rd4 40. Bg3 Be2 41. Bf2 Rg4 42. h3 Rxb4 43. Rxb4+ Kxb4 44. Rb2+ Kc3 45. Rxb7 d2 46. Rb1 Kc2 47. Ra1 d1=Q+ 48. Rxd1 Kxd1 49. Kh2 Re6 50. Bg3 c6 51. Bd6 a5 52. Bc7 Re5 53. Bxa5 Rxc5 54. Bb6 Rc4 55. Bd8 f5 56. Bf6 Ke1 57. Be5 Re4 58. Bd6 Rc4 59. Be5 Re4 60. Bd6 Rc4 61. Be5 Re4 62. Bd6 Rd4 63. Be5 Rd5 64. Bf4 Rd3 65. Be5 Kf1 66. Bf4 c5 67. Be5 Bd1 68. Bf4 Bh5 69. Be5 c4 70. Bf4 Bg6 71. Be5 Bf7 72. Bf4 Rb3 73. Be5 c3 74. Bxc3 Rxc3 75. g3 Rc2+ 76. Kh1 Ra2 77.",0-1,ChessGPT (lichess_200k_bins_16layers_ckpt_with_optimizer),Stockfish level 5,,2.0,0.0,1.0,ChessGPT (lichess_200k_bins_16layers_ckpt_with_optimizer),0.0,1,76,True,False,True,1,0,76,77,False,False,True,False,ChessGPT (lichess_200k_bins_16layers_ckpt_with_optimizer) vs. Stockfish level 5,77,841.8239488601685,77,1,1852.028868165387
1766468242-3269,"[White ""Stockfish level 5""]
[Black ""ChessGPT (lichess_200k_bins_16layers_ckpt_with_optimizer)""]

1. e3 e5 2. d4 exd4 3. exd4 d5 4. Nf3 Nf6 5. Bg5 Be7 6. Bb5+ c6 7. Ba4 O-O 8. O-O Bg4 9. Re1 Nbd7 10. Bb3 Re8 11. Nbd2 h6 12. Bh4 Ne4 13. Bxe7 Rxe7 14. h3 Bh5 15. g4 Bg6 16. c3 Ndf6 17. Re3 Qd7 18. Ne5 Qd6 19. c4 Nxd2 20. c5 Qc7 21. Qxd2 Ne4 22. Qe2 Rae8 23. Bc2 Rxe5 24. dxe5 Rxe5 25. a3 f5 26. gxf5 Bxf5 27. b4 Qf7 28. Bxe4 Bxe4 29. Re1 Qg6+ 30. Rg3 Qf6 31. Qb2 Qf4 32. Qc3 Re7 33. Rg4 Qf5 34. a4 Rf7 35. Re2 Qf3 36. Qxf3 Bxf3 37. Re8+ Kh7 38. Rh4 Be4 39. Rg4 Bf5 40. Rf4 g6 41. h4 Kg7 42. h5 Be4 43. Rxf7+ Kxf7 44. Rb8 gxh5 45. f3 Bxf3 46. Rxb7+ Ke6 47. b5 cxb5 48. Kf2 Be4 49. axb5 d4 50. Rb8 Kd5 51. Re8 Kxc5 52. Rxe4 Kxb5 53. Ke2 Kc4 54. Re7 a5 55. Ra7 Kb4 56. Kd2 a4 57. Kd3 a3 58. Rb7+ Ka4 59. Ra7+ Kb3 60. Rb7+ Ka2 61. Kxd4 Ka1 62. Kd3 a2 63. Kd2 h4 64. Kc3 h3 65. Re7 h2 66. Re1#",1-0,Stockfish level 5,ChessGPT (lichess_200k_bins_16layers_ckpt_with_optimizer),2.0,,1.0,0.0,ChessGPT (lichess_200k_bins_16layers_ckpt_with_optimizer),0.0,0,66,False,False,False,0,0,66,66,False,False,False,False,Stockfish level 5 vs. ChessGPT (lichess_200k_bins_16layers_ckpt_with_optimizer),66,642.1309185028076,66,0,1845.594140208005
1766468424-2877,"[White ""ChessGPT (lichess_200k_bins_16layers_ckpt_with_optimizer)""]
[Black ""Stockfish level 5""]

1. e4 e5 2. Nf3 Nf6 3. Nc3 d6 4. Bc4 Be7 5. d3 O-O 6. Bg5 h6 7. Bh4 Nc6 8. Qd2 Bg4 9. h3 Bxf3 10. gxf3 Nd4 11. Qd1 Kh8 12. Ne2 Nxf3+ 13. Kf1 Nxh4 14. Ng3 a5 15. a4 b5 16. Bxb5 Rc8 17. Bc4 d5 18. exd5 Ra8 19. Qe2 Qd7 20. Qxe5 Qd8 21. Qe3 Nh7 22. Re1 Bb4 23. c3 f5 24. cxb4 f4 25. Qe4 fxg3 26. Ke2 Rxf2+ 27. Kd1 Qg5 28. Re2 Raf8 29. Rxf2 Rxf2 30. Re1 Qd2#",0-1,ChessGPT (lichess_200k_bins_16layers_ckpt_with_optimizer),Stockfish level 5,,2.0,0.0,1.0,ChessGPT (lichess_200k_bins_16layers_ckpt_with_optimizer),0.0,0,30,False,False,False,0,0,30,30,False,False,False,False,ChessGPT (lichess_200k_bins_16layers_ckpt_with_optimizer) vs. Stockfish level 5,31,182.9057068824768,30,0,1839.389273736706
1766468722-5087,"[White ""Stockfish level 5""]
[Black ""ChessGPT (lichess_200k_bins_16layers_ckpt_with_optimizer)""]

1. Nf3 d5 2. e3 Nf6 3. d4 e6 4. c4 Be7 5. Be2 O-O 6. O-O c5 7. dxc5 Bxc5 8. Na3 Nc6 9. Bd2 d4 10. Nxd4 Nxd4 11. exd4 Bxd4 12. Bb4 Re8 13. Bf3 Bxb2 14. Qxd8 Rxd8 15. Rfd1 Bd7 16. Rab1 Be5 17. Bxb7 Rab8 18. Be7 Re8 19. Bxf6 Bxf6 20. Rxd7 Red8 21. Rbd1 Rxd7 22. Rxd7 Kf8 23. c5 Ke8 24. c6 Be5 25. Nb5 a6 26. Nd6+ Bxd6 27. Rxd6 Ke7 28. Rd7+ Ke8 29. Rd1 Ke7 30. c7 Rxb7 31. c8=Q Rd7 32. Qc5+ Ke8 33. Qh5 Rxd1+ 34. Qxd1 Ke7 35. Kf1 Kf6 36. Qd8+ Kg6 37. Ke2 f6 38. Qe8+ Kf5 39. Ke3 g5 40. Qa4 h5 41. Qc2+ Ke5 42. Qc5#",1-0,Stockfish level 5,ChessGPT (lichess_200k_bins_16layers_ckpt_with_optimizer),2.0,,1.0,0.0,ChessGPT (lichess_200k_bins_16layers_ckpt_with_optimizer),0.0,0,42,False,False,False,0,0,42,42,False,False,False,False,Stockfish level 5 vs. ChessGPT (lichess_200k_bins_16layers_ckpt_with_optimizer),42,297.2823829650879,42,0,1833.3984113488448
1766469204-2796,"[White ""ChessGPT (lichess_200k_bins_16layers_ckpt_with_optimizer)""]
[Black ""Stockfish level 5""]

1. e4 d5 2. exd5 c6 3. dxc6 Nxc6 4. Nf3 e5 5. Bb5 Bd6 6. O-O Ne7 7. d4 Bd7 8. dxe5 Bxe5 9. Nxe5 Nxe5 10. Bxd7+ Nxd7 11. Re1 O-O 12. Bg5 Nf6 13. Qxd8 Raxd8 14. Bxf6 gxf6 15. Nc3 Nd5 16. Nxd5 Rxd5 17. Rad1 Rc5 18. c3 a5 19. Rd7 Rb5 20. b3 Rc5 21. c4 b5 22. cxb5 Rxb5 23. Ree7 h5 24. g3 a4 25. bxa4 Rb4 26. a5 h4 27. a6 Ra4 28. a7 hxg3 29. hxg3 Ra3 30. Rb7 Kh7 31. Rxf7+ Rxf7 32. Rxf7+ Kg6 33. Rb7 f5 34. Kg2 Kh5 35. Kh3 Rxa2 36. f3 f4 37. g4+ Kg5 38. Rg7+ Kh6 39. Rb7 Kg6 40. Rb6+ Kf7 41. Rb7+ Kg6 42. Rb6+ Kh7 43. Rb7+ Kh6 44. Rb6+ Kg5 45. Rb5+ Kf6 46. Rb6+ Kg5 47. Rb5+ Kh6 48. Rb6+ Kh7 49. Rb7+ Kg6 50. Rb6+ Kh7 51. Rb7+ Kh6 52. Rb6+ Kg5 53. Rb5+ Kh6 54. Rb6+ Kg5 55. Rb5+ Kh6 56. Rb6+",1/2-1/2,ChessGPT (lichess_200k_bins_16layers_ckpt_with_optimizer),Stockfish level 5,,2.0,0.5,0.5,ChessGPT (lichess_200k_bins_16layers_ckpt_with_optimizer),0.5,0,56,False,False,False,0,0,56,56,False,False,False,False,ChessGPT (lichess_200k_bins_16layers_ckpt_with_optimizer) vs. Stockfish level 5,56,481.8025574684143,56,0,1853.6754946433198
1766497808-9363,"[White ""ChessGPT (lichess_200k_bins_16layers_ckpt_with_optimizer)""]
[Black ""Stockfish level 5""]

1. e4 c5 2. Nf3 e6 3. d4 a6 4. d5 d6 5. c4 g6 6. Nc3 Bg7 7. Bd3 Ne7 8. O-O e5 9. h3 O-O 10. Nh2 h6 11. f4 f5 12. fxe5 dxe5 13. exf5 Bxf5 14. Bxf5 gxf5 15. Qh5 Qd6 16. Be3 Nd7 17. Rae1 Rae8 18. Nf3 Nf6 19. Qh4 f4 20. Bf2 Ng6 21. Qg4 Nxg4 22. hxg4 a5 23. Ne4 Qe7 24. d6 Qe6 25. Nxc5 Qxc4 26. Nxb7 Qd3 27. Nc5 Qd5 28. Rd1 Qc6 29. d7 Rd8 30. Rfe1 Rf7 31. Ne4 Rfxd7 32. Rxd7 Qxd7 33. Nc5 Qc6 34. Ne4 Bf8 35. g5 hxg5 36. Nexg5 Be7 37. Ne4 Qc2 38. Neg5 Rd1 39. Rxd1 Qxd1+ 40. Kh2 Bxg5 41. Nxg5 Qe2 42. Bb6 Nh4 43. Kh3 Nxg2 44. Bxa5 Ne3 45. Bb6 Qg4+ 46. Kh2 Qg3+ 47. Kh1 Qh4+ 48. Kg1 Qg3+ 49. Kh1 f3 50. Bxe3 Qh4+ 51. Kg1 Qg3+ 52. Kf1 Qg2+ 53. Ke1 Qe2#",0-1,ChessGPT (lichess_200k_bins_16layers_ckpt_with_optimizer),Stockfish level 5,,2.0,0.0,1.0,ChessGPT (lichess_200k_bins_16layers_ckpt_with_optimizer),0.0,0,53,False,False,False,0,0,53,53,False,False,False,False,ChessGPT (lichess_200k_bins_16layers_ckpt_with_optimizer) vs. Stockfish level 5,54,388.39252519607544,53,0,1847.9793189974757
1766497968-5787,"[White ""Stockfish level 5""]
[Black ""ChessGPT (lichess_200k_bins_16layers_ckpt_with_optimizer)""]

1. c4 e5 2. d4 exd4 3. a3 Nc6 4. Nf3 Nf6 5. h3 Bc5 6. b4 Be7 7. Nxd4 Nxd4 8. Qxd4 O-O 9. e4 d6 10. Bb2 c5 11. Qe3 cxb4 12. Bd3 bxa3 13. Bd4 Qa5+ 14. Nc3 Qb4 15. f4 Qb2 16. O-O Qb4 17. e5 dxe5 18. fxe5 Nd7 19. Nd5 Qa5 20. Nxe7+ Kh8 21. Qe4 g6 22. e6+ f6 23. Nxg6+ hxg6 24. Qxg6 Qg5 25. Qxg5 Ne5 26. Qh6+ Kg8 27. Qh7#",1-0,Stockfish level 5,ChessGPT (lichess_200k_bins_16layers_ckpt_with_optimizer),2.0,,1.0,0.0,ChessGPT (lichess_200k_bins_16layers_ckpt_with_optimizer),0.0,4,26,False,False,False,0,4,27,26,False,False,False,False,Stockfish level 5 vs. ChessGPT (lichess_200k_bins_16layers_ckpt_with_optimizer),27,160.94428038597107,27,4,1842.4640052032223
1766498264-9962,"[White ""ChessGPT (lichess_200k_bins_16layers_ckpt_with_optimizer)""]
[Black ""Stockfish level 5""]

1. e4 e5 2. Nf3 Nf6 3. Nc3 Bb4 4. d3 Nc6 5. Bd2 Bxc3 6. Bxc3 a6 7. Nxe5 Nxe5 8. Bxe5 d6 9. Bc3 d5 10. exd5 Qxd5 11. Qe2+ Qe6 12. Qxe6+ Bxe6 13. Bxf6 gxf6 14. Be2 O-O-O 15. O-O h6 16. Rfe1 Rhg8 17. Bf3 Rg5 18. Re3 f5 19. Rae1 c6 20. b3 Kc7 21. Re5 b6 22. R5e3 a5 23. Re5 Rd6 24. R5e3 Rd4 25. Re5 h5 26. R5e3 a4 27. Re5 h4 28. R5e3 c5 29. Re5 Kd6 30. R5e3 f4 31. Re4 Rxe4 32. Rxe4 axb3 33. axb3 Rf5 34. Ra4 b5 35. Ra6+ Ke5 36. Ra5 Rg5 37. Rxb5 Kd6 38. Rb6+ Ke5 39. Rb5 Kd4 40. Rb8 Kc3 41. Rc8 Bxc8 42. Be4 Kd2 43. Kf1 Be6 44. Bf3 Re5 45. Be4 f5 46. Bf3 Re1#",0-1,ChessGPT (lichess_200k_bins_16layers_ckpt_with_optimizer),Stockfish level 5,,2.0,0.0,1.0,ChessGPT (lichess_200k_bins_16layers_ckpt_with_optimizer),0.0,0,46,False,False,False,0,0,46,46,False,False,False,False,ChessGPT (lichess_200k_bins_16layers_ckpt_with_optimizer) vs. Stockfish level 5,47,295.748259305954,46,0,1837.1184205800298
1766498447-9199,"[White ""Stockfish level 5""]
[Black ""ChessGPT (lichess_200k_bins_16layers_ckpt_with_optimizer)""]

1. e4 e5 2. Nf3 Nc6 3. d4 exd4 4. Nxd4 Nxd4 5. Qxd4 d6 6. h3 Nf6 7. Nc3 Be7 8. Be3 O-O 9. f4 c5 10. Qd2 a6 11. g4 b5 12. g5 Nh5 13. Rg1 b4 14. Nd5 Bb7 15. O-O-O Bxd5 16. Qxd5 a5 17. f5 a4 18. Kb1 b3 19. Be2 bxa2+ 20. Kxa2 Nf4 21. Bxf4 Qb6 22. Bc4 Rab8 23. Bc1 Qb4 24. f6 Bd8 25. Rg3 Ba5 26. h4 a3 27. b3 Qc3 28. Qd3 Qe5 29. Rf3 Rb4 30. fxg7 Rfb8 31. Rxf7 Rxc4 32. Qxc4 Rb4 33. Rf8+ Kxg7 34. Qg8#",1-0,Stockfish level 5,ChessGPT (lichess_200k_bins_16layers_ckpt_with_optimizer),2.0,,1.0,0.0,ChessGPT (lichess_200k_bins_16layers_ckpt_with_optimizer),0.0,0,34,False,False,False,0,0,34,34,False,False,False,False,Stockfish level 5 vs. ChessGPT (lichess_200k_bins_16layers_ckpt_with_optimizer),34,183.08399152755737,34,0,1831.9324297142828
1766498861-2007,"[White ""ChessGPT (lichess_200k_bins_16layers_ckpt_with_optimizer)""]
[Black ""Stockfish level 5""]

1. e4 c5 2. Nf3 Nc6 3. d4 cxd4 4. Nxd4 e5 5. Nb5 d6 6. N1c3 Be6 7. Nd5 Bxd5 8. exd5 Nb8 9. c4 Nd7 10. Be3 a6 11. Nc3 g6 12. Be2 Ne7 13. O-O Nf5 14. Bd2 Nd4 15. Bd3 Nc5 16. Bc2 Bg7 17. b4 Nd7 18. Rc1 f5 19. Ba4 Rc8 20. Bxd7+ Qxd7 21. Ne2 Nxe2+ 22. Qxe2 O-O 23. Be3 f4 24. Bb6 Qa4 25. Qb2 e4 26. Qb3 Qe8 27. c5 f3 28. g3 Qd7 29. Kh1 Qh3 30. Rg1 Bd4 31. Qc2 e3 32. Qe4 exf2 33. Qe6+ Qxe6 34. dxe6 fxg1=R+ 35. Rxg1 dxc5 36. e7 Rfe8 37. Re1 Bf6 38. bxc5 Rxe7 39. Rd1 g5 40. Kg1 Kg7 41. Kf2 Rf8 42. Rd3 g4 43. Rd2 Bc3 44. Rc2 Bd4+ 45. Kf1 Rfe8 46. Rc1 Bc3 47. Rd1 Re1+ 48. Rxe1 Rxe1+ 49. Kf2 Re8 50. h3 Re2+ 51. Kf1 gxh3 52. g4 h2 53. Bc7 h1=R#",0-1,ChessGPT (lichess_200k_bins_16layers_ckpt_with_optimizer),Stockfish level 5,,2.0,0.0,1.0,ChessGPT (lichess_200k_bins_16layers_ckpt_with_optimizer),0.0,0,53,False,False,False,0,0,53,53,False,False,False,False,ChessGPT (lichess_200k_bins_16layers_ckpt_with_optimizer) vs. Stockfish level 5,54,413.25728702545166,53,0,1826.8967787910744
1766499181-4197,"[White ""Stockfish level 5""]
[Black ""ChessGPT (lichess_200k_bins_16layers_ckpt_with_optimizer)""]

1. e4 e5 2. Nf3 Nc6 3. Be2 Nf6 4. d3 Bc5 5. a3 d6 6. O-O Bg4 7. Nbd2 O-O 8. h3 Bh5 9. b4 Bb6 10. Rb1 a6 11. c3 Re8 12. Bb2 d5 13. Nh4 Bxe2 14. Qxe2 dxe4 15. Rbd1 exd3 16. Qf3 e4 17. Qg3 Qd6 18. Kh2 Qxg3+ 19. Kxg3 e3 20. fxe3 Rxe3+ 21. Rf3 Rxf3+ 22. Ndxf3 Rd8 23. c4 Ne4+ 24. Kf4 Nf2 25. Rd2 h6 26. c5 g5+ 27. Ke3 gxh4 28. cxb6 Nd1+ 29. Rxd1 Re8+ 30. Kd2 Re2+ 31. Kxd3 Rxb2 32. Kc3 Rxg2 33. bxc7 Rg3 34. c8=Q+ Kg7 35. Qf5 Ne7 36. Qd7 Rxf3+ 37. Rd3 Rxd3+ 38. Kxd3 Nf5 39. Qd5 Ng3 40. Qd4+ f6 41. Qd7+ Kg6 42. Qg4+ Kf7 43. Qxh4 Nf5 44. Qc4+ Kg6 45. Qe4 Kg5 46. Qg4#",1-0,Stockfish level 5,ChessGPT (lichess_200k_bins_16layers_ckpt_with_optimizer),2.0,,1.0,0.0,ChessGPT (lichess_200k_bins_16layers_ckpt_with_optimizer),0.0,0,46,False,False,False,0,0,46,46,False,False,False,False,Stockfish level 5 vs. ChessGPT (lichess_200k_bins_16layers_ckpt_with_optimizer),46,319.9928848743439,46,0,1822.0029962242697
1766500221-8421,"[White ""ChessGPT (lichess_200k_bins_16layers_ckpt_with_optimizer)""]
[Black ""Stockfish level 5""]

1. e4 d5 2. exd5 c6 3. dxc6 Nxc6 4. Nf3 Nf6 5. Bb5 Qd6 6. O-O a6 7. Ba4 e6 8. d4 b5 9. Bb3 Bb7 10. c3 Qc7 11. Bg5 h6 12. Bh4 Na5 13. Bg3 Bd6 14. Bxd6 Qxd6 15. Bc2 Rc8 16. Nbd2 b4 17. cxb4 Qxb4 18. Nb3 O-O 19. Nxa5 Bxf3 20. Qxf3 Rxc2 21. Nb3 Rxb2 22. Rfb1 Rxb1+ 23. Rxb1 a5 24. Qd3 Nd7 25. h3 Rd8 26. Qd2 Qxd2 27. Nxd2 Ne5 28. Nb3 Nd3 29. Nxa5 Rxd4 30. Rb8+ Kh7 31. Nc6 Ra4 32. Rb7 f6 33. Nd8 Nf4 34. g3 Ra8 35. Nxe6 Nxe6 36. Rb2 Nd4 37. Kg2 h5 38. Rd2 Ne6 39. Rd6 Nc7 40. Rd2 Kg6 41. Rc2 Nd5 42. Rd2 Nb6 43. Rb2 Nd5 44. Rd2 Ra5 45. Rb2 Nc3 46. Rc2 Nxa2 47. Rc7 Ra3 48. Rc2 Ra5 49. Rb2 Nc3 50. Rc2 Ra3 51. Rb2 Kh6 52. Rc2 h4 53. gxh4 f5 54. Rd2 Ra8 55. Rd6+ Kh7 56. Rd7 Ra2 57. Rd3 Rc2 58. Rf3 Nd5 59. Rxf5 Ne3+ 60. Kf3 Nxf5 61. Kg4 Nxh4 62. Kxh4 Kh6 63. Kg3 Kh5 64. f3 Rc4 65. h4 Ra4 66. Kh3 Rxh4+ 67. Kg3 Rc4 68. Kf2 Kg5 69. Kg3 Rh4 70. Kf2 Kf4 71. Kg2 g5 72. Kf2 Rh3 73. Kg2 Rh5 74. Kf2 Rh7 75. Kg2 Ra7 76. Kf2 Ra3 77. Kg2 Ra8 78. Kf2 Ra2+ 79. Kg1 Rd2 80. Kf1 Ra2 81. Kg1 Kg3 82. Kf1 Rd2 83. Ke1 Kxf3 84. Kxd2 Kf2 85. Kd3 Kg2 86. Ke4 Kg3 87. Kf5 g4 88. Kg5 Kf3 89. Kh4 g3 90. Kh3 Kf2",,ChessGPT (lichess_200k_bins_16layers_ckpt_with_optimizer),Stockfish level 5,,2.0,-10000000000.0,-10000000000.0,ChessGPT (lichess_200k_bins_16layers_ckpt_with_optimizer),-10000000000.0,0,90,False,False,False,0,0,90,90,False,False,False,False,ChessGPT (lichess_200k_bins_16layers_ckpt_with_optimizer) vs. Stockfish level 5,91,1040.5554029941559,90,0
1766500272-1650,"[White ""Stockfish level 5""]
[Black ""ChessGPT (lichess_200k_bins_16layers_ckpt_with_optimizer)""]

1. d3 d5 2. e4 dxe4 3. Nd2 exd3 4. Bxd3 Nf6 5. Nc4 e6 6. Bf4 Bd6 7. Bg3 Bxg3 8. hxg3 Nc6 9. Qe2 Bd7 10. Nf3 Qe7 11. O-O",1-0,Stockfish level 5,ChessGPT (lichess_200k_bins_16layers_ckpt_with_optimizer),2.0,,1.0,0.0,ChessGPT (lichess_200k_bins_16layers_ckpt_with_optimizer),0.0,5,10,False,False,True,0,5,11,10,False,False,False,True,Stockfish level 5 vs. ChessGPT (lichess_200k_bins_16layers_ckpt_with_optimizer),11,50.47580146789551,11,5,1817.2433069043868
1766500449-8336,"[White ""ChessGPT (lichess_200k_bins_16layers_ckpt_with_optimizer)""]
[Black ""Stockfish level 5""]

1. e4 e5 2. Nf3 Nc6 3. Bc4 Be7 4. d4 exd4 5. Nxd4 Nf6 6. Nc3 d6 7. O-O Nxd4 8. Qxd4 O-O 9. Bg5 c6 10. Rad1 Qa5 11. Bd2 Qe5 12. Qxe5 dxe5 13. Bg5 h6 14. Bh4 Bc5 15. Bxf6 gxf6 16. Rd3 h5 17. Rg3+ Kh7 18. Rd1 Bd4 19. Ne2 Bc5 20. Rdd3 h4 21. Rgf3 b5 22. Bb3 Bg4 23. Rxf6 Be7 24. Rxc6 Bxe2 25. Rd7 Bg5 26. Rxf7+ Kh8 27. Rg6 Rxf7 28. Bxf7 Bc1 29. b3 Rf8 30. Bd5 Be3 31. fxe3 Rf1#",0-1,ChessGPT (lichess_200k_bins_16layers_ckpt_with_optimizer),Stockfish level 5,,2.0,0.0,1.0,ChessGPT (lichess_200k_bins_16layers_ckpt_with_optimizer),0.0,0,31,False,False,False,0,0,31,31,False,False,False,False,ChessGPT (lichess_200k_bins_16layers_ckpt_with_optimizer) vs. Stockfish level 5,32,177.68314003944397,31,0,1812.6105578844608
1766500789-4766,"[White ""Stockfish level 5""]
[Black ""ChessGPT (lichess_200k_bins_16layers_ckpt_with_optimizer)""]

1. c4 e5 2. a3 Nf6 3. Nc3 Bc5 4. b4 Bd4 5. Nf3 Bxc3 6. dxc3 d6 7. g3 O-O 8. Bg2 Bg4 9. h3 Bxf3 10. exf3 Nc6 11. Qb3 Re8 12. Ra2 e4 13. O-O exf3 14. Bxf3 Ne5 15. Bxb7 Rb8 16. Bg2 Nd3 17. Be3 Ne4 18. Qc2 Ndxf2 19. Bxf2 Nxf2 20. Kxf2 Qf6+ 21. Kg1 Qg5 22. Kh2 Re3 23. Qf2 Rf8 24. b5 Rxc3 25. h4 Qg4 26. Bd5 Qh5 27. Qf4 Rc2+ 28. Rxc2 Qg6 29. Rcf2 h6 30. Qf3 Kh7 31. Be4 f5 32. Bxf5 Rxf5 33. Qxf5 Qxf5 34. Rxf5 Kg6 35. Kh3 Kh7 36. Rb1 Kg6 37. Rf4 Kh7 38. Rbf1 Kg6 39. Rf5 Kh7 40. h5 Kg8 41. Kg4 Kh7 42. Rf7 Kg8 43. R7f5 Kh7 44. Kh3 Kg8 45. Re1 Kh7 46. Rf8 g6 47. Re7#",1-0,Stockfish level 5,ChessGPT (lichess_200k_bins_16layers_ckpt_with_optimizer),2.0,,1.0,0.0,ChessGPT (lichess_200k_bins_16layers_ckpt_with_optimizer),0.0,0,47,False,False,False,0,0,47,47,False,False,False,False,Stockfish level 5 vs. ChessGPT (lichess_200k_bins_16layers_ckpt_with_optimizer),47,339.37035512924194,47,0,1808.098153720585
1766500915-3396,"[White ""ChessGPT (lichess_200k_bins_16layers_ckpt_with_optimizer)""]
[Black ""Stockfish level 5""]

1. e4 e5 2. Nf3 Nc6 3. Bc4 Bc5 4. d3 Nf6 5. Ng5 d5 6. exd5 b5 7. Bxb5 Qxd5 8. Bxc6+ Qxc6 9. O-O Bg4 10. Qe1 O-O 11. Qxe5 Rfe8 12. Qg3 h6 13. Ne4 Be2 14. Re1 Rxe4 15. dxe4 Nxe4 16. Qf4 Bxf2+ 17. Kh1 Bxe1 18. Nc3 Bxc3 19. bxc3 g5 20. Qe3 Ba6 21. Bb2 Rb8 22. Rb1 Qc4 23. Qxa7 Rxb2 24. Rxb2 Qf1+ 25. Qg1 Nf2#",0-1,ChessGPT (lichess_200k_bins_16layers_ckpt_with_optimizer),Stockfish level 5,,2.0,0.0,1.0,ChessGPT (lichess_200k_bins_16layers_ckpt_with_optimizer),0.0,0,25,False,False,False,0,0,25,25,False,False,False,False,ChessGPT (lichess_200k_bins_16layers_ckpt_with_optimizer) vs. Stockfish level 5,26,126.76110315322876,25,0,1803.6999999999998
1766501173-6341,"[White ""Stockfish level 5""]
[Black ""ChessGPT (lichess_200k_bins_16layers_ckpt_with_optimizer)""]

1. d4 d5 2. c4 e6 3. Nc3 Nf6 4. e3 Be7 5. Nf3 O-O 6. cxd5 exd5 7. a3 c6 8. h3 Bf5 9. g4 Bg6 10. Ne5 Nbd7 11. Nxg6 fxg6 12. Bg2 Nb6 13. Qb3 Nc4 14. Qd1 Nd6 15. f3 Nd7 16. f4 Bh4+ 17. Kf1 Nf6 18. Ke2 Nfe4 19. Bxe4 Nxe4 20. Nxe4 dxe4 21. a4 Qd5 22. Ra3 Rad8 23. Rc3 Rf7 24. Qc2 Rdf8 25. Bd2 g5 26. Rc5 Qd6 27. f5 Qg3 28. Qxe4 Qf2+ 29. Kd3 Rd7 30. Qe6+ Rdf7 31. Bc3 Qg2 32. Qe4 Qg3 33. a5 Rd7 34. Kc2 Qf2+ 35. Kb1 Rfd8 36. d5 cxd5 37. Qe6+ Kh8 38. Qxd7 Qxe3 39. Qxg7#",1-0,Stockfish level 5,ChessGPT (lichess_200k_bins_16layers_ckpt_with_optimizer),2.0,,1.0,0.0,ChessGPT (lichess_200k_bins_16layers_ckpt_with_optimizer),0.0,0,39,False,False,False,0,0,39,39,False,False,False,False,Stockfish level 5 vs. ChessGPT (lichess_200k_bins_16layers_ckpt_with_optimizer),39,257.9177072048187,39,0,1799.4104538432905
1766501413-2454,"[White ""ChessGPT (lichess_200k_bins_16layers_ckpt_with_optimizer)""]
[Black ""Stockfish level 5""]

1. e4 e5 2. Nf3 Nc6 3. Bc4 Bc5 4. d3 h6 5. O-O Nf6 6. Nc3 a6 7. Nd5 b5 8. Nxf6+ Qxf6 9. Bd5 Rb8 10. Bxc6 dxc6 11. c3 Bb6 12. d4 Bg4 13. dxe5 Qe7 14. Bf4 Bh5 15. Qd3 Rd8 16. Qe2 Qe6 17. Rad1 Rxd1 18. Rxd1 Qxa2 19. h3 a5 20. g4 Bg6 21. Nh4 Qb3 22. Nxg6 fxg6 23. Qd2 O-O 24. Be3 b4 25. Bxb6 cxb6 26. cxb4 b5 27. bxa5 Kh7 28. a6 Qxh3 29. Qd6 Qxg4+ 30. Kf1 Qh3+ 31. Ke2 Qf3+ 32. Kd2 Qxf2+ 33. Kc1 Qe3+ 34. Kb1 Qxe4+ 35. Ka1 Qa4+ 36. Kb1 Qe4+ 37. Ka1 Ra8 38. Qd7 Rxa6#",0-1,ChessGPT (lichess_200k_bins_16layers_ckpt_with_optimizer),Stockfish level 5,,2.0,0.0,1.0,ChessGPT (lichess_200k_bins_16layers_ckpt_with_optimizer),0.0,0,38,False,False,False,0,0,38,38,False,False,False,False,ChessGPT (lichess_200k_bins_16layers_ckpt_with_optimizer) vs. Stockfish level 5,39,239.93111729621887,38,0,1795.2242803720246
1766501946-2754,"[White ""Stockfish level 5""]
[Black ""ChessGPT (lichess_200k_bins_16layers_ckpt_with_optimizer)""]

1. d4 d5 2. c4 e6 3. Nf3 Nf6 4. Bg5 Be7 5. cxd5 exd5 6. e3 O-O 7. Bd3 h6 8. Bf4 Nc6 9. Nc3 Bg4 10. h3 Bh5 11. Rc1 Bb4 12. Be2 Ne4 13. O-O Bxc3 14. bxc3 Ne7 15. c4 c6 16. c5 Ng6 17. Ne5 Bxe2 18. Qxe2 Nxf4 19. exf4 Qf6 20. Qg4 Rad8 21. Rb1 Nd2 22. Rxb7 Nxf1 23. Qe2 Qxf4 24. Qc2 Qxd4 25. Nxc6 Qa1 26. Rb1 Ne3+ 27. Qd3 Qxa2 28. Nxd8 Qxb1+ 29. Qxb1 Rxd8 30. fxe3 d4 31. c6 d3 32. c7 Rc8 33. Kf1 Rxc7 34. Qb8+ Kh7 35. Qxc7 d2 36. Qd6 d1=Q+ 37. Qxd1 a5 38. Qd7 a4 39. Qxf7 a3 40. Ke1 a2 41. Qxa2 Kg6 42. Qa6+ Kh7 43. Qa8 Kg6 44. Qe8+ Kh7 45. Qd7 Kg6 46. Qc6+ Kh7 47. Qb5 Kg6 48. Qe8+ Kh7 49. Qe6 Kh8 50. Qc8+ Kh7 51. Qe6 Kh8 52. Qd5 Kh7 53. Qe6 Kh8 54. Qe8+ Kh7 55. Qe4+ Kh8 56. Qe8+ Kh7 57. Ke2",1-0,Stockfish level 5,ChessGPT (lichess_200k_bins_16layers_ckpt_with_optimizer),2.0,,1.0,0.0,ChessGPT (lichess_200k_bins_16layers_ckpt_with_optimizer),0.0,6,55,False,False,True,0,6,57,55,False,False,False,True,Stockfish level 5 vs. ChessGPT (lichess_200k_bins_16layers_ckpt_with_optimizer),57,532.6893248558044,57,6,1791.1366142993502
1766502214-4441,"[White ""ChessGPT (lichess_200k_bins_16layers_ckpt_with_optimizer)""]
[Black ""Stockfish level 5""]

1. e4 e5 2. Nf3 Nc6 3. Bc4 Nf6 4. Ng5 d5 5. exd5 Na5 6. Bb5+ c6 7. dxc6 bxc6 8. Be2 Bc5 9. O-O h6 10. Nf3 Qc7 11. d3 O-O 12. Nc3 Bf5 13. Nh4 Bh7 14. Bf3 g5 15. Ne4 Nxe4 16. Bxe4 f5 17. Bf3 Rad8 18. g3 e4 19. Bg2 Qf7 20. Be3 Nb7 21. Bxc5 Nxc5 22. d4 Ne6 23. c3 gxh4 24. Qb3 Kh8 25. Rae1 Qg6 26. Qb7 h3 27. Bxh3 f4 28. Qxc6 Nxd4 29. Qxg6 Nf3+ 30. Kh1 Bxg6 31. Rd1 e3 32. fxe3 Rxd1 33. Rxd1 fxe3 34. Bg2 e2 35. Rc1 Bh5 36. h3 Rd8 37. g4 Rd1+ 38. Rxd1 exd1=Q+ 39. Bf1 Qxf1#",0-1,ChessGPT (lichess_200k_bins_16layers_ckpt_with_optimizer),Stockfish level 5,,2.0,0.0,1.0,ChessGPT (lichess_200k_bins_16layers_ckpt_with_optimizer),0.0,0,39,False,False,False,0,0,39,39,False,False,False,False,ChessGPT (lichess_200k_bins_16layers_ckpt_with_optimizer) vs. Stockfish level 5,40,268.23431754112244,39,0,1787.1429259367098
1766502656-2168,"[White ""Stockfish level 5""]
[Black ""ChessGPT (lichess_200k_bins_16layers_ckpt_with_optimizer)""]

1. e3 e5 2. h4 d5 3. c4 d4 4. exd4 exd4 5. g3 Nf6 6. d3 Bg4 7. Qb3 b6 8. Bg5 Be7 9. Bxf6 Bxf6 10. Bg2 c6 11. Kf1 O-O 12. Qc2 Re8 13. Bf3 Bxf3 14. Nxf3 c5 15. Nbd2 Nc6 16. a3 Ne5 17. Re1 Nxf3 18. Rxe8+ Qxe8 19. Nxf3 Qc6 20. Qd1 Re8 21. Kg1 h6 22. Kh2 g5 23. Nd2 gxh4 24. Ne4 hxg3+ 25. fxg3 Bg7 26. Qf3 Qg6 27. Rf1 Re7 28. g4 Be5+ 29. Kh1 Qg7 30. Qh3 Qg6 31. Qh4 Re6 32. b4 cxb4 33. Qd8+ Kg7 34. axb4 Qxg4 35. Rg1 Qxg1+ 36. Kxg1 Rg6+ 37. Kf1 Rg4 38. Qd5 f6 39. Ke2 Rg2+ 40. Kf3 Rg1 41. c5 bxc5 42. Qd7+ Kg6 43. Kf2 Rb1 44. bxc5 Rb2+ 45. Kf3 Rb3 46. Qg4+ Kf7 47. Nd6+ Bxd6 48. cxd6 Rxd3+ 49. Kf4 Re3 50. Qd7+ Kg6 51. Qf5+ Kf7 52. Qc8 Re8 53. Qd7+ Kf8 54. Kf5 d3 55. Kxf6 d2 56. Qg7#",1-0,Stockfish level 5,ChessGPT (lichess_200k_bins_16layers_ckpt_with_optimizer),2.0,,1.0,0.0,ChessGPT (lichess_200k_bins_16layers_ckpt_with_optimizer),0.0,0,56,False,False,False,0,0,56,56,False,False,False,False,Stockfish level 5 vs. ChessGPT (lichess_200k_bins_16layers_ckpt_with_optimizer),56,442.30678272247314,56,0,1783.2389910210472
1766502850-8501,"[White ""ChessGPT (lichess_200k_bins_16layers_ckpt_with_optimizer)""]
[Black ""Stockfish level 5""]

1. e4 c5 2. Nf3 Nc6 3. d4 cxd4 4. Nxd4 e5 5. Nb5 a6 6. Nd6+ Bxd6 7. Qxd6 Qe7 8. Qd1 h6 9. Nc3 Qd8 10. Bc4 Nf6 11. O-O d6 12. f4 b5 13. Bd5 Qc7 14. fxe5 Qa7+ 15. Kh1 Nxd5 16. exd5 Nxe5 17. Bf4 O-O 18. Bxe5 dxe5 19. d6 Be6 20. Ne4 f5 21. Ng3 Rac8 22. c3 f4 23. Ne4 Qa8 24. Qe2 Bd5 25. Rae1 Qc6 26. Nd2 e4 27. Nxe4 Rce8 28. Qg4 h5 29. Qxh5 Bxe4 30. Rf2 Bxg2+ 31. Rxg2 Rxe1#",0-1,ChessGPT (lichess_200k_bins_16layers_ckpt_with_optimizer),Stockfish level 5,,2.0,0.0,1.0,ChessGPT (lichess_200k_bins_16layers_ckpt_with_optimizer),0.0,0,31,False,False,False,0,0,31,31,False,False,False,False,ChessGPT (lichess_200k_bins_16layers_ckpt_with_optimizer) vs. Stockfish level 5,32,193.0058035850525,31,0,1779.420863858555
1766503351-3609,"[White ""Stockfish level 5""]
[Black ""ChessGPT (lichess_200k_bins_16layers_ckpt_with_optimizer)""]

1. d4 d5 2. e3 Nf6 3. c4 e6 4. Qc2 Bb4+ 5. Nd2 O-O 6. Bd3 c5 7. a3 Bxd2+ 8. Bxd2 cxd4 9. Nf3 dxe3 10. Bxe3 dxc4 11. Qxc4 Nc6 12. O-O Qd5 13. Qb5 Qxb5 14. Bxb5 Bd7 15. Rfc1 a6 16. Bd3 Rac8 17. Nd2 Ne5 18. Bf1 Bc6 19. f3 Rfd8 20. Nb3 Nd5 21. Bd4 Ng6 22. Rc5 Ndf4 23. Rc4 Bb5 24. Rxc8 Rxc8 25. Rd1 Bxf1 26. Kxf1 Nd5 27. Nc5 b6 28. Nd3 Rc2 29. Nb4 Nxb4 30. axb4 Rc6 31. Bc3 Kf8 32. Rd8+ Ke7 33. Rb8 Nf4 34. g3 Nd5 35. b5 axb5 36. Bxg7 Rc2 37. b3 Rxh2 38. Rb7+ Ke8 39. Kg1 Rb2 40. Bxb2 Ne3 41. Rxb6 Nd1 42. Rb8+ Ke7 43. Bd4 Kd6 44. Bf6 Kd5 45. g4 Ne3 46. Rxb5+ Kc6 47. Re5 Nd5 48. g5 Nf4 49. Re3 Nh3+ 50. Kg2 Nf4+ 51. Kg1 Nh3+ 52. Kh1 Nf4 53. Rc3+ Kd5 54. Rc1 Ne2 55. Rc8 Ng3+ 56. Kg2 Nf5 57. b4 Ne3+ 58. Kf2 Nd1+ 59. Ke2 Nb2 60. g6 Nc4 61. g7 Nd6 62. Rc5#",1-0,Stockfish level 5,ChessGPT (lichess_200k_bins_16layers_ckpt_with_optimizer),2.0,,1.0,0.0,ChessGPT (lichess_200k_bins_16layers_ckpt_with_optimizer),0.0,0,62,False,False,False,0,0,62,62,False,False,False,False,Stockfish level 5 vs. ChessGPT (lichess_200k_bins_16layers_ckpt_with_optimizer),62,501.6832597255707,62,0,1775.6848533568977
1766503575-8668,"[White ""ChessGPT (lichess_200k_bins_16layers_ckpt_with_optimizer)""]
[Black ""Stockfish level 5""]

1. e4 c5 2. Nf3 d6 3. d4 Bd7 4. dxc5 Qa5+ 5. Nc3 Nc6 6. cxd6 Rc8 7. dxe7 Bxe7 8. Bd2 Qd8 9. Bd3 Nf6 10. O-O Bd6 11. Re1 Ne5 12. Nxe5 Bxe5 13. f4 Ng4 14. fxe5 Qb6+ 15. Be3 Nxe3 16. Qe2 Nxc2+ 17. Kh1 Nxe1 18. Rxe1 Qd8 19. Nd5 O-O 20. Qh5 Kh8 21. e6 fxe6 22. Nf4 Rxf4 23. e5 Qh4 24. Qxh4 Rxh4 25. g3 Rd4 26. Be4 Rb4 27. b3 h5 28. Bg6 Rd4 29. Bxh5 Bc6+ 30. Kg1 g6 31. Bxg6 Rd2 32. Be4 Bxe4 33. Rxe4 Rc1+ 34. Re1 Rxe1#",0-1,ChessGPT (lichess_200k_bins_16layers_ckpt_with_optimizer),Stockfish level 5,,2.0,0.0,1.0,ChessGPT (lichess_200k_bins_16layers_ckpt_with_optimizer),0.0,0,34,False,False,False,0,0,34,34,False,False,False,False,ChessGPT (lichess_200k_bins_16layers_ckpt_with_optimizer) vs. Stockfish level 5,35,223.69651556015015,34,0,1772.0275015809498
1766504389-7424,"[White ""Stockfish level 5""]
[Black ""ChessGPT (lichess_200k_bins_16layers_ckpt_with_optimizer)""]

1. c3 e5 2. c4 Nf6 3. e3 d5 4. cxd5 Nxd5 5. Nc3 Nc6 6. d3 Be6 7. Nf3 Be7 8. e4 Nb6 9. h3 O-O 10. Be2 f6 11. Be3 Qd7 12. Nd2 Rad8 13. a3 Nd4 14. Rc1 c5 15. Bh5 g6 16. Bg4 f5 17. exf5 gxf5 18. Bh5 Kh8 19. Bxd4 exd4 20. Ne2 Rg8 21. Bf3 Bd5 22. Ng3 Bg5 23. Bxd5 Nxd5 24. Kf1 Nf4 25. h4 Bh6 26. Qb3 b6 27. Nf3 Qd5 28. Qxd5 Rxd5 29. Ne1 Re8 30. Rd1 Rde5 31. a4 Rxe1+ 32. Rxe1 Rxe1+ 33. Kxe1 Nxd3+ 34. Kf1 Nxb2 35. h5 Nxa4 36. Rh4 f4 37. Nf5 Bg5 38. Rh1 Nc3 39. Nd6 Kg7 40. Ke1 Kf6 41. f3 Ke6 42. Nc4 Kd5 43. Na3 b5 44. Nxb5 Nxb5 45. h6 c4 46. Rh5 Kc5 47. Kd2 c3+ 48. Kd3 Nd6 49. Rxg5+ Kb4 50. Rg7 Nf5 51. Rb7+ Kc5 52. Rxh7 Ne3 53. Rxa7 Nxg2 54. Ra1 Nh4 55. h7 Ng6 56. Ra5+ Kb4 57. Rg5 Nh8 58. Rf5 Kb3 59. Rf8 Ng6 60. Rb8+ Ka2 61. Kc2 d3+ 62. Kxd3 Ka3 63. Kc2 Ka4 64. Rb7 Ka5 65. Kd3 Ka6 66. Rb3 Ka5 67. Rb8 Ka6 68. Kxc3 Ka7 69. Re8 Kb7 70. Re6 Nh8 71. Re8 Ng6 72. Kc4 Kc7 73. Kc3 Kd7 74. Rb8 Kc7 75. Rg8 Ne7 76. Rg5 Nc6 77. h8=Q Kb6 78. Rg4 Na5 79. Qd8+ Kb5 80. Qd6 Nc6 81. Rg6 Na5 82. Qb4#",1-0,Stockfish level 5,ChessGPT (lichess_200k_bins_16layers_ckpt_with_optimizer),2.0,,1.0,0.0,ChessGPT (lichess_200k_bins_16layers_ckpt_with_optimizer),0.0,0,82,False,False,False,0,0,82,82,False,False,False,False,Stockfish level 5 vs. ChessGPT (lichess_200k_bins_16layers_ckpt_with_optimizer),82,813.7586779594421,82,0,1768.4455645197793
1766504542-6343,"[White ""ChessGPT (lichess_200k_bins_16layers_ckpt_with_optimizer)""]
[Black ""Stockfish level 5""]

1. e4 c6 2. d4 e6 3. Nf3 d5 4. e5 h6 5. Bd3 Bd7 6. O-O c5 7. c3 a6 8. Be3 Qc7 9. Nbd2 c4 10. Bc2 Nc6 11. b3 Na5 12. bxc4 Nxc4 13. Nxc4 Qxc4 14. Bd2 Ne7 15. Bb3 Qb5 16. Rb1 Nc8 17. Bxd5 Qxd5 18. Qb3 Qxb3 19. Rxb3 b5 20. Rfb1 Rg8 21. c4 Ne7 22. cxb5 axb5 23. a3 Nd5 24. Rxb5 Bxb5 25. Rxb5 Be7 26. Bb4 Bxb4 27. axb4 Ra1+ 28. Ne1 Rxe1#",0-1,ChessGPT (lichess_200k_bins_16layers_ckpt_with_optimizer),Stockfish level 5,,2.0,0.0,1.0,ChessGPT (lichess_200k_bins_16layers_ckpt_with_optimizer),0.0,0,28,False,False,False,0,0,28,28,False,False,False,False,ChessGPT (lichess_200k_bins_16layers_ckpt_with_optimizer) vs. Stockfish level 5,29,153.54518747329712,28,0,1764.9359947967773
1766504596-6730,"[White ""Stockfish level 5""]
[Black ""ChessGPT (lichess_200k_bins_16layers_ckpt_with_optimizer)""]

1. c4 e5 2. g3 Nf6 3. d3 d5 4. Nf3 dxc4 5. Qa4+ Bd7 6. Qxc4 Nc6 7. Bg2 Be6 8. Qb5 Rb8 9. Nxe5 a6 10. Qa4 b5 11. Bxc6+ Bd7 12. Qb3 Bxc6 13. Qxf7#",1-0,Stockfish level 5,ChessGPT (lichess_200k_bins_16layers_ckpt_with_optimizer),2.0,,1.0,0.0,ChessGPT (lichess_200k_bins_16layers_ckpt_with_optimizer),0.0,0,13,False,False,False,0,0,13,13,False,False,False,False,Stockfish level 5 vs. ChessGPT (lichess_200k_bins_16layers_ckpt_with_optimizer),13,53.41349792480469,13,0,1761.4959260920102
1766505273-9299,"[White ""ChessGPT (lichess_200k_bins_16layers_ckpt_with_optimizer)""]
[Black ""Stockfish level 5""]

1. e4 c5 2. Nf3 d6 3. d4 Nd7 4. dxc5 dxc5 5. Bb5 e6 6. O-O a6 7. Bxd7+ Qxd7 8. Qxd7+ Bxd7 9. Nc3 f6 10. Be3 Rc8 11. Rad1 b5 12. a3 Ne7 13. Rd2 Ng6 14. Rfd1 Rc7 15. h4 h5 16. g3 Be7 17. Ne2 Rb7 18. Nf4 Nxf4 19. Bxf4 e5 20. Be3 Bg4 21. Kg2 c4 22. c3 g6 23. Re1 a5 24. Nh2 Bd7 25. f3 O-O 26. Red1 Bc6 27. Nf1 g5 28. hxg5 fxg5 29. Nh2 b4 30. axb4 axb4 31. Ra1 bxc3 32. bxc3 Kf7 33. Ra6 Rc8 34. Ra5 Bf6 35. Rc5 Be7 36. Rxc6 Rxc6 37. Rd5 Re6 38. Nf1 Ra6 39. Rxe5 Ra2+ 40. Kh3 Rb3 41. Bxg5 Bxg5 42. Rxg5 Rxc3 43. Rxh5 Rxf3 44. Nh2 Re3 45. Rf5+ Ke6 46. Rf4 Raa3 47. Nf1 Red3 48. Kg4 c3 49. Rf2 Rb3 50. Rc2 Rb2 51. Rc1 Ra2 52. Ne3 Ke5 53. Nc4+ Kd4 54. Nd6 Rg2 55. Kf4 Rf2+ 56. Kg4 c2 57. Nb5+ Kxe4 58. Na3 Rxa3 59. Re1+ Kd4 60. Rc1 Ke3 61. Kg5 Rd3 62. g4 Rd1 63. Rxc2 Rxc2 64. Kh5 Rd5+ 65. g5 Kf4 66. Kh6 Rd6+ 67. g6 Kf5 68. Kh7 Rxg6 69. Kh8 Rg5 70. Kh7 Rg4 71. Kh8 Rg1 72. Kh7 Ra2 73. Kh8 Rg4 74. Kh7 Rh2#",0-1,ChessGPT (lichess_200k_bins_16layers_ckpt_with_optimizer),Stockfish level 5,,2.0,0.0,1.0,ChessGPT (lichess_200k_bins_16layers_ckpt_with_optimizer),0.0,0,74,False,False,False,0,0,74,74,False,False,False,False,ChessGPT (lichess_200k_bins_16layers_ckpt_with_optimizer) vs. Stockfish level 5,75,677.0116183757782,74,0,1758.122659077265
1766505499-2482,"[White ""Stockfish level 5""]
[Black ""ChessGPT (lichess_200k_bins_16layers_ckpt_with_optimizer)""]

1. Nf3 d5 2. e3 Nf6 3. c4 c6 4. cxd5 cxd5 5. d4 Nc6 6. Nc3 Bg4 7. h3 Bh5 8. g4 Bg6 9. Ne5 e6 10. Bb5 Rc8 11. h4 Bb4 12. Qa4 Bxc3+ 13. bxc3 Qb6 14. Bxc6+ bxc6 15. h5 Be4 16. Rf1 O-O 17. f3 Bd3 18. Nxd3 c5 19. Bd2 cxd4 20. cxd4 Rc4 21. Qd1 Rfc8 22. Rg1 Nd7 23. a3 Qd6 24. Rg2 e5 25. Kf1 exd4 26. e4 dxe4 27. Bf4 Qf6 28. fxe4 Rc3 29. Kg1 Qh4 30. h6 g6 31. Qf3 Rc2 32. Rf1 Rxg2+ 33. Kxg2 Rc2+ 34. Kg1 Nf6 35. Rb1 Nxg4 36. Rb8+",1-0,Stockfish level 5,ChessGPT (lichess_200k_bins_16layers_ckpt_with_optimizer),2.0,,1.0,0.0,ChessGPT (lichess_200k_bins_16layers_ckpt_with_optimizer),0.0,5,35,False,False,True,0,5,36,35,False,False,False,True,Stockfish level 5 vs. ChessGPT (lichess_200k_bins_16layers_ckpt_with_optimizer),36,226.6463384628296,36,5,1754.8136486908693
1766505785-4039,"[White ""ChessGPT (lichess_200k_bins_16layers_ckpt_with_optimizer)""]
[Black ""Stockfish level 5""]

1. e4 e6 2. d4 d5 3. e5 c5 4. c3 Ne7 5. Nf3 Nf5 6. Bd3 h6 7. Bxf5 exf5 8. O-O Be6 9. Be3 Nc6 10. dxc5 g5 11. Nd4 f4 12. Nxe6 fxe6 13. Bd4 Bg7 14. Qh5+ Ke7 15. Nd2 a6 16. Nf3 Kd7 17. Qf7+ Qe7 18. Qxe7+ Kxe7 19. Rfe1 Kf7 20. h3 Rhd8 21. Rad1 a5 22. a3 Kg6 23. b4 Bf8 24. Rb1 axb4 25. axb4 h5 26. Ra1 g4 27. hxg4 hxg4 28. Nh2 Rxa1 29. Rxa1 Kf5 30. Re1 Ra8 31. f3 g3 32. Ng4 Ra4 33. Nf6 Kg6 34. Nd7 Kf7 35. Nxf8 Nxd4 36. cxd4 Kxf8 37. Rb1 Ke8 38. b5 Ra2 39. c6 b6 40. Rc1 Kd8 41. c7+ Kc8 42. Rc6 Ra1+ 43. Rc1 Rxc1#",0-1,ChessGPT (lichess_200k_bins_16layers_ckpt_with_optimizer),Stockfish level 5,,2.0,0.0,1.0,ChessGPT (lichess_200k_bins_16layers_ckpt_with_optimizer),0.0,0,43,False,False,False,0,0,43,43,False,False,False,False,ChessGPT (lichess_200k_bins_16layers_ckpt_with_optimizer) vs. Stockfish level 5,44,286.08908462524414,43,0,1751.5664926019974
1766506005-3340,"[White ""Stockfish level 5""]
[Black ""ChessGPT (lichess_200k_bins_16layers_ckpt_with_optimizer)""]

1. d4 d5 2. c4 e6 3. Nc3 Nf6 4. Nf3 Be7 5. g3 O-O 6. Bg5 Nbd7 7. e3 c6 8. a3 dxc4 9. Bxc4 b5 10. Be2 Bb7 11. Bxf6 Nxf6 12. b4 a5 13. O-O axb4 14. axb4 Bxb4 15. Qd3 Bxc3 16. Qxc3 Nd5 17. Qb2 Qd6 18. Rfc1 Rxa1 19. Rxa1 Ra8 20. Rxa8+ Bxa8 21. Ne5 f6 22. e4 fxe5 23. Qa2 Qb8 24. exd5 exd5 25. Qa3 e4 26. Qe7 Qf8 27. Qc7 Qf7 28. Qb8+ Qf8 29. Qe5 b4 30. Bd1 Bb7 31. Qc7 Ba6 32. h4 Bb5 33. h5 h6 34. Qd7 Qf7 35. Qc8+ Kh7 36. Bg4 Qf6 37. Be6 Qg5 38. Qg8#",1-0,Stockfish level 5,ChessGPT (lichess_200k_bins_16layers_ckpt_with_optimizer),2.0,,1.0,0.0,ChessGPT (lichess_200k_bins_16layers_ckpt_with_optimizer),0.0,0,38,False,False,False,0,0,38,38,False,False,False,False,Stockfish level 5 vs. ChessGPT (lichess_200k_bins_16layers_ckpt_with_optimizer),38,220.04100918769836,38,0,1748.3789207334873
1766506159-5152,"[White ""ChessGPT (lichess_200k_bins_16layers_ckpt_with_optimizer)""]
[Black ""Stockfish level 5""]

1. e4 Nc6 2. Nf3 e6 3. d4 d6 4. Bb5 Bd7 5. O-O Nge7 6. c4 Ng6 7. Nc3 Be7 8. Be3 O-O 9. Qd2 Nb8 10. Bxd7 c6 11. Bxe6 fxe6 12. d5 Ne5 13. Nxe5 c5 14. Nf3 Rxf3 15. gxf3 Nd7 16. dxe6 Nb6 17. b3 Qe8 18. Nd5 Qh5 19. Nxe7+ Kf8 20. Nf5 Qxf5 21. exf5 Nxc4 22. bxc4 b6 23. Qxd6+ Kg8 24. e7 Re8 25. Qe6+ Kh8 26. Qf7 g5 27. Qxe8+ Kg7 28. Qf8+",1-0,ChessGPT (lichess_200k_bins_16layers_ckpt_with_optimizer),Stockfish level 5,,2.0,1.0,0.0,ChessGPT (lichess_200k_bins_16layers_ckpt_with_optimizer),1.0,0,28,False,False,False,0,0,28,28,False,False,False,False,ChessGPT (lichess_200k_bins_16layers_ckpt_with_optimizer) vs. Stockfish level 5,28,153.57939100265503,28,0,1787.1429259367098
1766507076-8976,"[White ""Stockfish level 5""]
[Black ""ChessGPT (lichess_200k_bins_16layers_ckpt_with_optimizer)""]

1. Nf3 d5 2. d4 Nf6 3. e3 Bg4 4. a3 e6 5. h3 Bh5 6. Nbd2 Bd6 7. b3 O-O 8. Bb2 Nbd7 9. Bd3 c5 10. dxc5 Nxc5 11. Bb5 a6 12. Bd3 Nxd3+ 13. cxd3 Rc8 14. b4 b5 15. Nb3 Nd7 16. Rc1 Ne5 17. Bxe5 Bxe5 18. d4 Bf6 19. Nc5 Rc6 20. Rc3 Qc8 21. O-O Be7 22. a4 Bxc5 23. axb5 axb5 24. Rxc5 Rxc5 25. bxc5 Qc6 26. Qb3 Ra8 27. Ne5 Qc7 28. Qxb5 f6 29. Qd7 Qxd7 30. Nxd7 Be8 31. Nb6 Rb8 32. Rb1 Bc6 33. Rf1 Kf7 34. Ra1 Ke7 35. f4 Kd8 36. Ra7 Rb7 37. Rxb7 Bxb7 38. Na4 Kc7 39. Kf2 Kc6 40. h4 Kb5 41. Nb6 Kc6 42. Ke1 Ba6 43. g3 Bd3 44. Nc8 Kd7 45. Nd6 Kc6 46. Ne8 g6 47. Kd2 Bf5 48. Nxf6 h6 49. g4 Bb1 50. Ng8 h5 51. f5 exf5 52. gxh5 gxh5 53. Nf6 Be4 54. Ke2 Kb5 55. Nxh5 Kc4 56. Nf4 Kb5 57. Kf2 Kc6 58. Ke2 Kb5 59. h5 Kc6 60. Kf2 Kd7 61. Kg3 Ke7 62. Kh4 Kf7 63. h6 Kg8 64. c6 Kf7 65. Kg5 Ke7 66. h7 Kd6 67. Kh4 Kxc6 68. Kg5 Kb5 69. h8=Q Kc4 70. Kh4 Kc3 71. Qe5 Kd2 72. Nxd5 Kd3 73. Nf4+ Kxe3 74. Kh5 Kf3 75. Kh4 Ke3 76. Kg5 Kf3 77. Qc7 Ke3 78. d5 Bxd5 79. Nxd5+ Ke4 80. Qc5 Ke5 81. Qc6 Ke4 82. Qc5 Ke5 83. Nf4+ Ke4 84. Qc4+ Ke5 85. Qd5#",1-0,Stockfish level 5,ChessGPT (lichess_200k_bins_16layers_ckpt_with_optimizer),2.0,,1.0,0.0,ChessGPT (lichess_200k_bins_16layers_ckpt_with_optimizer),0.0,0,85,False,False,False,0,0,85,85,False,False,False,False,Stockfish level 5 vs. ChessGPT (lichess_200k_bins_16layers_ckpt_with_optimizer),85,917.3424196243286,85,0,1784.0127909319272
1766507414-4652,"[White ""ChessGPT (lichess_200k_bins_16layers_ckpt_with_optimizer)""]
[Black ""Stockfish level 5""]

1. e4 e5 2. Nf3 d6 3. Bc4 Nd7 4. d4 Ngf6 5. dxe5 Nxe5 6. Nxe5 dxe5 7. Qxd8+ Kxd8 8. Bxf7 Nxe4 9. O-O Bb4 10. c3 Be7 11. Re1 Nd6 12. Bb3 e4 13. Bf4 a5 14. Nd2 a4 15. Bc2 a3 16. b3 Rf8 17. Bg3 Bf5 18. Nxe4 Bxe4 19. Bxe4 Nxe4 20. Rxe4 Bd6 21. Rd1 Ra6 22. c4 Ra5 23. Bxd6 cxd6 24. Rxd6+ Kc7 25. Rd2 Rf6 26. Re7+ Kc6 27. Rxg7 Re6 28. Kf1 h5 29. Rh7 Rae5 30. g3 h4 31. Rxh4 b6 32. Rhd4 Re1+ 33. Kg2 b5 34. cxb5+ Kb6 35. Rd6+ Rxd6 36. Rxd6+ Kc7 37. Ra6 Rd1 38. Rxa3 Rd3 39. Ra4 Rd2 40. Rc4+ Kb6 41. a4 Rd3 42. Rb4 Ka5 43.",0-1,ChessGPT (lichess_200k_bins_16layers_ckpt_with_optimizer),Stockfish level 5,,2.0,0.0,1.0,ChessGPT (lichess_200k_bins_16layers_ckpt_with_optimizer),0.0,1,42,True,False,True,1,0,42,43,False,False,True,False,ChessGPT (lichess_200k_bins_16layers_ckpt_with_optimizer) vs. Stockfish level 5,43,338.0821008682251,43,1,1780.9380594654108
1766508456-9845,"[White ""Stockfish level 5""]
[Black ""ChessGPT (lichess_200k_bins_16layers_ckpt_with_optimizer)""]

1. d4 d5 2. Nf3 Nf6 3. c4 c6 4. Nc3 e6 5. e3 Nbd7 6. Bd3 dxc4 7. Bc2 b5 8. a3 Bb7 9. Qe2 a6 10. e4 c5 11. d5 exd5 12. exd5+ Qe7 13. Qxe7+ Bxe7 14. Be3 Nxd5 15. Nxd5 Bxd5 16. O-O-O Bxf3 17. gxf3 Rd8 18. Rd2 O-O 19. Bf4 Nf6 20. Re1 Rxd2 21. Kxd2 Rd8+ 22. Ke2 Bd6 23. Bg5 Re8+ 24. Kd1 Rxe1+ 25. Kxe1 Nd5 26. Be4 Nc7 27. h3 f6 28. Bc1 Kf7 29. f4 g6 30. f5 g5 31. Bd2 h5 32. Ba5 Ne8 33. Bb6 Ke7 34. Bb7 Ng7 35. Bxa6 Nxf5 36. Bxb5 Nd4 37. Ba4 Nf3+ 38. Kf1 Nd2+ 39. Kg1 Ne4 40. Bc2 Nd2 41. Ba5 Nf3+ 42. Kf1 Nd4 43. Bd1 h4 44. Bc3 Nb5 45. Be1 Be5 46. a4 Nd4 47. a5 Kd6 48. a6 Nc6 49. Be2 Kc7 50. Bd2 Kb6 51. Bc1 Kxa6 52. b3 Kb5 53. Bxc4+ Kb4 54. Bd2+ Ka3 55. Kg2 Nd4 56. Kf1 Nxb3 57. Ke1 Nxd2 58. Kxd2 Kb4 59. Be6 c4 60. Ke2 c3 61. f3 Ka3 62. Bf5 Kb2 63. Kd1 c2+ 64. Bxc2 Kc3 65. Bb1 Kd4 66. Ke2 Kc3 67. Bf5 Kb2 68. Be4 Kc1 69. Bf5 Kb2 70. Kd2 Kb3 71. Bc8 Kb4 72. Kd3 Kc5 73. Ke2 Kd6 74. Kd3 Ke7 75. Bg4 Kf7 76. Bd7 Kg6 77. Bc8 f5 78. Bb7 Kf6 79. Bc8 Bf4 80. Kd4 Bg3 81. Kd5 Bf4 82. Ba6 Bg3 83. Kc4 Bf4 84. Kd4 Bg3 85. Bc8 Bf4 86. Bb7 Bg3 87. Bc8 Bf4 88. Ba6 Bg3 89. Kd5 Bf4 90. Kd4 Bg3",,Stockfish level 5,ChessGPT (lichess_200k_bins_16layers_ckpt_with_optimizer),2.0,,-10000000000.0,-10000000000.0,ChessGPT (lichess_200k_bins_16layers_ckpt_with_optimizer),-10000000000.0,0,90,False,False,False,0,0,90,90,False,False,False,False,Stockfish level 5 vs. ChessGPT (lichess_200k_bins_16layers_ckpt_with_optimizer),91,1041.4152557849884,90,0
1766508705-1877,"[White ""ChessGPT (lichess_200k_bins_16layers_ckpt_with_optimizer)""]
[Black ""Stockfish level 5""]

1. e4 e5 2. Nf3 Nc6 3. Bc4 Nf6 4. Ng5 d5 5. exd5 Na5 6. Bb5+ Nd7 7. d3 c6 8. dxc6 Nxc6 9. Qf3 Nf6 10. Bxc6+ bxc6 11. Qxc6+ Bd7 12. Qc4 Be6 13. Nxe6 Qb8 14. Nc7+ Kd7 15. Nxa8 Qxa8 16. Qxf7+ Kc8 17. Qe6+ Kc7 18. Qxe5+ Bd6 19. Qc3+ Kd8 20. O-O Bc7 21. Bg5 Bb6 22. Bxf6+ Ke8 23. Bxg7 Qf3 24. Bxh8 Qg4 25. Qe5+ Kf7 26. Qf6+ Kg8 27. Qf8+ Kxf8 28. Nc3 a6 29. Rae1 a5 30. Re4 Qg8 31. Rf4+ Ke7 32. Re1+ Qe6 33. Rxe6+ Kd8 34. Rf8+ Kc7 35. Rf7+ Kc8 36. Re8+ Bd8 37. Bf6 Kb8 38. Rxd8#",1-0,ChessGPT (lichess_200k_bins_16layers_ckpt_with_optimizer),Stockfish level 5,,2.0,1.0,0.0,ChessGPT (lichess_200k_bins_16layers_ckpt_with_optimizer),1.0,0,38,False,False,False,0,0,38,38,False,False,False,False,ChessGPT (lichess_200k_bins_16layers_ckpt_with_optimizer) vs. Stockfish level 5,38,248.67755699157715,38,0,1812.6105578844608
1766509155-8896,"[White ""Stockfish level 5""]
[Black ""ChessGPT (lichess_200k_bins_16layers_ckpt_with_optimizer)""]

1. Nc3 d5 2. d4 Nf6 3. Bf4 c6 4. h4 Bf5 5. e3 e6 6. f3 Bd6 7. Bxd6 Qxd6 8. g4 Qg3+ 9. Kd2 Bg6 10. h5 Bxc2 11. Qe1 Qxe1+ 12. Rxe1 Ba4 13. g5 Nfd7 14. Nxa4 Na6 15. b3 Nb4 16. Ra1 b5 17. Nb2 a5 18. f4 a4 19. bxa4 bxa4 20. a3 Na6 21. Kd1 Nc7 22. Ne2 Nb5 23. Bg2 Nxa3 24. f5 Nc4 25. Nxc4 dxc4 26. Nc3 exf5 27. Bxc6 Ra6 28. Bxa4 Ke7 29. Rb1 Rb8 30. Rxb8 Nxb8 31. h6 g6 32. Kc2 Nd7 33. Bb5 Ra3 34. Bc6 Nb6 35. e4 fxe4 36. Rb1 Nd7 37. Rb7 Kd6 38. Ba4 Nf8 39. Rb6+ Kc7 40. Rb4 Ne6 41. Kb2 Rxc3 42. Kxc3 Nxg5 43. Kxc4 Nf3 44. Kc3 f5 45. Rc4+ Kd6 46. Rc6+ Kd5 47. Ra6 Nxd4 48. Ra5+ Ke6 49. Kxd4 g5 50. Ra6+ Kf7 51. Ke5 f4 52. Bb3+ Ke7 53. Ra7+ Kd8 54. Kd6 Kc8 55. Bd5 Kb8 56. Ra2 f3 57. Ra8#",1-0,Stockfish level 5,ChessGPT (lichess_200k_bins_16layers_ckpt_with_optimizer),2.0,,1.0,0.0,ChessGPT (lichess_200k_bins_16layers_ckpt_with_optimizer),0.0,0,57,False,False,False,0,0,57,57,False,False,False,False,Stockfish level 5 vs. ChessGPT (lichess_200k_bins_16layers_ckpt_with_optimizer),57,450.7868540287018,57,0,1809.5893027282823
1766509294-5923,"[White ""ChessGPT (lichess_200k_bins_16layers_ckpt_with_optimizer)""]
[Black ""Stockfish level 5""]

1. e4 c5 2. Nf3 Nc6 3. d4 Nxd4 4. Nxd4 cxd4 5. Qxd4 d6 6. Nc3 e6 7. Be3 Bd7 8. O-O-O a6 9. f4 Qa5 10. g4 Rc8 11. Kb1 b5 12. Bg2 b4 13. Ne2 h6 14. e5 Qc7 15. Rd2 d5 16. f5 Ne7 17. fxe6 Bxe6 18. Nf4 Nc6 19. Qd3 Nxe5 20. Qe2 Nc4 21. Nxe6 fxe6 22. Rd3 Qe5 23. c3 Bc5 24. Bxc5 Qxe2 25. Rh3 Qxb2#",0-1,ChessGPT (lichess_200k_bins_16layers_ckpt_with_optimizer),Stockfish level 5,,2.0,0.0,1.0,ChessGPT (lichess_200k_bins_16layers_ckpt_with_optimizer),0.0,0,25,False,False,False,0,0,25,25,False,False,False,False,ChessGPT (lichess_200k_bins_16layers_ckpt_with_optimizer) vs. Stockfish level 5,26,138.57582235336304,25,0,1806.6196954965997
1766509507-3473,"[White ""Stockfish level 5""]
[Black ""ChessGPT (lichess_200k_bins_16layers_ckpt_with_optimizer)""]

1. e4 e5 2. Bc4 Nf6 3. Nc3 Bc5 4. Bb3 d6 5. Nge2 Ng4 6. d4 exd4 7. Na4 d3 8. Nxc5 dxe2 9. Qd5 O-O 10. Bg5 Qe8 11. h3 Be6 12. Nxe6 fxe6 13. Qxe6+ Qxe6 14. Bxe6+ Kh8 15. Bxg4 Nc6 16. Be3 Nb4 17. Kxe2 Nxc2 18. Rad1 Nxe3 19. Kxe3 Rae8 20. Rhe1 Re5 21. b4 Rfe8 22. Kf3 Rf8+ 23. Ke2 Rxe4+ 24. Kf1 Rxb4 25. f3 Rb2 26. Re7 Rxa2 27. Rxc7 b5 28. Be6 Ra6 29. Rb7 Re8 30. Bb3 Ra3 31. Be6 Rxe6 32. Rb8+ Re8 33. Rxe8#",1-0,Stockfish level 5,ChessGPT (lichess_200k_bins_16layers_ckpt_with_optimizer),2.0,,1.0,0.0,ChessGPT (lichess_200k_bins_16layers_ckpt_with_optimizer),0.0,0,33,False,False,False,0,0,33,33,False,False,False,False,Stockfish level 5 vs. ChessGPT (lichess_200k_bins_16layers_ckpt_with_optimizer),33,213.01523685455322,33,0,1803.6999999999998
1766509671-2617,"[White ""ChessGPT (lichess_200k_bins_16layers_ckpt_with_optimizer)""]
[Black ""Stockfish level 5""]

1. e4 c6 2. d4 d5 3. e5 e6 4. Nf3 c5 5. c3 a6 6. Be2 Bd7 7. O-O Bb5 8. Bxb5+ axb5 9. Be3 Qb6 10. dxc5 Bxc5 11. Bxc5 Qxc5 12. Nbd2 b4 13. Nb3 Qc4 14. Nfd2 Qf4 15. cxb4 Qxb4 16. a3 Qf4 17. Nf3 Qa4 18. Nc5 Qc6 19. Rc1 Qb6 20. b4 Nh6 21. Qd3 Nd7 22. Nxd7 Kxd7 23. Rc3 Nf5 24. Rfc1 Ne7 25. Nd4 Rhc8 26. Qb5+ Qxb5 27. Nxb5 Rc6 28. Nd6 Rxa3 29. Rxa3 Rxc1#",0-1,ChessGPT (lichess_200k_bins_16layers_ckpt_with_optimizer),Stockfish level 5,,2.0,0.0,1.0,ChessGPT (lichess_200k_bins_16layers_ckpt_with_optimizer),0.0,0,29,False,False,False,0,0,29,29,False,False,False,False,ChessGPT (lichess_200k_bins_16layers_ckpt_with_optimizer) vs. Stockfish level 5,30,163.64841103553772,29,0,1800.8285661491504
1766768579-2353,"[White ""ChessGPT (lichess_200k_bins_16layers_ckpt_with_optimizer)""]
[Black ""Stockfish level 5""]

1. e4 c5 2. Nf3 a6 3. d4 cxd4 4. Nxd4 d6 5. Nc3 Nd7 6. Be3 Ngf6 7. f3 e6 8. Qd2 h5 9. O-O-O Qc7 10. h3 h4 11. f4 Nc5 12. Bd3 Bd7 13. Rhe1 Rc8 14. Kb1 Qb8 15. Nf3 b5 16. e5 b4 17. exf6 bxc3 18. Qxc3 Na4 19. Qa3 d5 20. Qb3 Qd6 21. Ne5 Nxb2 22. Qxb2 Rb8 23. Bb6 Rxb6 24. Nxd7 Kxd7 25. Qxb6 Qxb6+ 26. Kc1 Ba3+ 27. Kd2 Qf2+ 28. Re2 Qxf4+ 29. Ke1 Rb8 30. Rf2 Qe3+ 31. Re2 Qg1+ 32. Kd2 Qd4 33. Rf1 Bb4+ 34. Kd1 Qa1#",0-1,ChessGPT (lichess_200k_bins_16layers_ckpt_with_optimizer),Stockfish level 5,,2.0,0.0,1.0,ChessGPT (lichess_200k_bins_16layers_ckpt_with_optimizer),0.0,0,34,False,False,False,0,0,34,34,False,False,False,False,ChessGPT (lichess_200k_bins_16layers_ckpt_with_optimizer) vs. Stockfish level 5,35,194.28130555152893,34,0,1798.0038243541558
1766768893-2209,"[White ""Stockfish level 5""]
[Black ""ChessGPT (lichess_200k_bins_16layers_ckpt_with_optimizer)""]

1. c4 e5 2. a3 Nf6 3. Nc3 Bc5 4. Nf3 Nc6 5. d3 d6 6. b4 Bb6 7. e3 Bg4 8. Rb1 O-O 9. h3 Bh5 10. g4 Bg6 11. Bb2 e4 12. Nh4 exd3 13. Bxd3 Bxd3 14. Qxd3 Ne5 15. Qc2 Nxc4 16. O-O Nxb2 17. Ne2 Nc4 18. Qxc4 d5 19. Qf4 Ne4 20. f3 Nd2 21. g5 Nxb1 22. Rxb1 Re8 23. Nd4 Bxd4 24. Nf5 Be5 25. Qg4 g6 26. Nh6+ Kg7 27. Qh4 d4 28. f4 Bf6 29. Nf5+ gxf5 30. a4 Bxg5 31. Qh5 Bf6 32. Rb2 dxe3 33. Rc2 e2 34. b5 e1=Q+ 35. Kh2 Qdd2+ 36. Rxd2 Qxd2+ 37. Kg3 Re3# 38. Qf3 Rxf3+ 39. Kxf3 Qd3+ 40. Kg2 Re8 41. Kh2 Re2+ 42. Kh1 Qd1#",0-1,Stockfish level 5,ChessGPT (lichess_200k_bins_16layers_ckpt_with_optimizer),2.0,,0.0,1.0,ChessGPT (lichess_200k_bins_16layers_ckpt_with_optimizer),1.0,0,42,False,False,False,0,0,42,42,False,False,False,False,Stockfish level 5 vs. ChessGPT (lichess_200k_bins_16layers_ckpt_with_optimizer),43,314.6195616722107,42,0,1824.782540206401
1766795997-6544,"[White ""ChessGPT (lichess_200k_bins_16layers_ckpt_with_optimizer)""]
[Black ""Stockfish level 5""]

1. e4 c5 2. Nf3 Nc6 3. d4 Nxd4 4. Nxd4 cxd4 5. Qxd4 e6 6. Nc3 d6 7. Be3 Nf6 8. O-O-O Bd7 9. f3 h5 10. Bg5 Qa5 11. Bxf6 gxf6 12. Qxf6 Rg8 13. Bc4 Qc5 14. Bb3 Be7 15. Qd4 Qxd4 16. Rxd4 Rxg2 17. Rhd1 Rxh2 18. e5 h4 19. exd6 e5 20. dxe7 exd4 21. Nd5 Rc8 22. Nf6+ Kxe7 23. Nxd7 Re2 24. Ne5 Rxe5 25. Rxd4 Rh8 26. Re4 Kd6 27. Rxe5 Kxe5 28. Bxf7 Kf4 29. Bd5 h3 30. Bxb7 a5 31. Be4 h2 32. Kd2 Rh6 33. Kc3 h1=Q 34. Kb3 Qa1 35. c3 Rh2 36. Kc4 Qxb2 37. Kd5 Qxc3 38. Ke6 Qc7 39. Kf6 Rd2 40. Kg6 Rd6+ 41. Kh5 Qd8 42. Bf5 Qh8+ 43. Bh7 Rb6 44. Kh4 Qxh7#",0-1,ChessGPT (lichess_200k_bins_16layers_ckpt_with_optimizer),Stockfish level 5,,2.0,0.0,1.0,ChessGPT (lichess_200k_bins_16layers_ckpt_with_optimizer),0.0,0,44,False,False,False,0,0,44,44,False,False,False,False,ChessGPT (lichess_200k_bins_16layers_ckpt_with_optimizer) vs. Stockfish level 5,45,293.35580348968506,44,0,1822.0029962242697
1766796219-5122,"[White ""Stockfish level 5""]
[Black ""ChessGPT (lichess_200k_bins_16layers_ckpt_with_optimizer)""]

1. d4 d5 2. Nf3 Nf6 3. c4 c6 4. Nc3 e6 5. Ne5 Nbd7 6. f4 Bb4 7. g3 Ne4 8. Qd3 Qa5 9. Bd2 Nxd2 10. Qxd2 Nxe5 11. fxe5 dxc4 12. e3 b5 13. Bg2 Bb7 14. O-O O-O 15. Qc2 Rab8 16. Rf2 c5 17. Be4 Bxe4 18. Nxe4 cxd4 19. exd4 Rbd8 20. Qd1 Qb6 21. Qh5 Qxd4 22. a3 Bc5 23. Nxc5 Qxc5 24. Qe2 Rd5 25. Rd1 Rxe5 26. Qf3 Rd5 27. Kg2 Rxd1 28. a4 Rd3 29. Qg4 Qd5+ 30. Rf3 Rd2+ 31. Kf1 Rd1+ 32. Kg2 Rd2+ 33. Kf1 Rxb2 34. Qd4 Qxd4 35. Rb3 Qd1#",0-1,Stockfish level 5,ChessGPT (lichess_200k_bins_16layers_ckpt_with_optimizer),2.0,,0.0,1.0,ChessGPT (lichess_200k_bins_16layers_ckpt_with_optimizer),1.0,0,35,False,False,False,0,0,35,35,False,False,False,False,Stockfish level 5 vs. ChessGPT (lichess_200k_bins_16layers_ckpt_with_optimizer),36,221.9834086894989,35,0,1845.1997750153446
1766796758-4063,"[White ""ChessGPT (lichess_200k_bins_16layers_ckpt_with_optimizer)""]
[Black ""Stockfish level 5""]

1. e4 c5 2. Nf3 Nc6 3. d4 Nxd4 4. Nxd4 cxd4 5. Qxd4 b6 6. Bc4 e6 7. O-O Bb7 8. Nc3 Rc8 9. Bb3 Nf6 10. Bg5 Bc5 11. Qd3 a6 12. e5 h6 13. Bh4 g5 14. Bg3 Ng8 15. Ne4 Bxe4 16. Qxe4 h5 17. h3 Nh6 18. Rad1 Qc7 19. Qf3 Nf5 20. Qe4 Nxg3 21. Qf3 Nxf1 22. Rxf1 Rf8 23. Qxh5 Kd8 24. Qxg5+ Ke8 25. Qf6 Qc6 26. Rd1 Qe4 27. Rd3 Be7 28. Qf3 Qxf3 29. Rxf3 Bg5 30. Rg3 Bc1 31. Rc3 Rxc3 32. bxc3 f5 33. exf6 Kf7 34. g4 b5 35. Kg2 Rg8 36. Kg3 a5 37. a4 Kxf6 38. axb5 Kg7 39. b6 Ba3 40. b7 Kh8 41. Ba4 Rb8 42. Bxd7 Kg7 43. Bc8 Be7 44. c4 a4 45. c5 Bxc5 46. c4 Kf7 47. f4 a3 48. f5 Kf8 49. fxe6 Ke7 50. g5 a2 51. g6 Bd6+ 52. Kg4 Bb4 53. g7 a1=Q 54. g8=Q Qg1+ 55. Kh5 Qxg8 56. Kh4 Qg6 57. Bd7 Bd2 58. c5 Be1#",0-1,ChessGPT (lichess_200k_bins_16layers_ckpt_with_optimizer),Stockfish level 5,,2.0,0.0,1.0,ChessGPT (lichess_200k_bins_16layers_ckpt_with_optimizer),0.0,0,58,False,False,False,0,0,58,58,False,False,False,False,ChessGPT (lichess_200k_bins_16layers_ckpt_with_optimizer) vs. Stockfish level 5,59,538.9837701320648,58,0,1842.4640052032223
1766797317-2819,"[White ""Stockfish level 5""]
[Black ""ChessGPT (lichess_200k_bins_16layers_ckpt_with_optimizer)""]

1. c4 e5 2. Nc3 Nf6 3. Nf3 Nc6 4. e4 Bc5 5. Nxe5 Nxe5 6. d4 Bd6 7. c5 Bxc5 8. dxe5 Ng8 9. Qg4 Kf8 10. Qg3 d6 11. Bf4 Bd4 12. Rd1 c5 13. Bc4 Be6 14. Bxe6 fxe6 15. exd6 Nf6 16. e5 Nh5 17. Qg4 Nxf4 18. Qxf4+ Kg8 19. O-O Qf8 20. Qe4 Qf5 21. Rd3 Qxe4 22. Nxe4 Kf7 23. Re1 Rhf8 24. Rxd4 cxd4 25. Ng5+ Kg8 26. Nxe6 Rfe8 27. Nxd4 Rad8 28. Kf1 Rxd6 29. exd6 Rxe1+ 30. Kxe1 Kf7 31. Kd2 Ke8 32. Ne6 Kd7 33. Nxg7 Kxd6 34. f4 Ke7 35. Ke3 Kf6 36. Nh5+ Kg6 37. g4 Kf7 38. f5 Ke7 39. Kf4 Kf7 40. Ke5 Ke7 41. f6+ Kf7 42. Kf5 Kf8 43. Ke5 Kf7 44. Kf5 Kf8 45. Ke5 Kf7 46. Ng3 Kf8 47. Nh5 Kf7 48. Nf4 Kf8 49. Ke6 Ke8 50. f7+ Kf8 51. Kf6 h6 52. a4 h5 53. gxh5 b6 54. h4 a6 55. b3 b5 56. Ng6#",1-0,Stockfish level 5,ChessGPT (lichess_200k_bins_16layers_ckpt_with_optimizer),2.0,,1.0,0.0,ChessGPT (lichess_200k_bins_16layers_ckpt_with_optimizer),0.0,0,56,False,False,False,0,0,56,56,False,False,False,False,Stockfish level 5 vs. ChessGPT (lichess_200k_bins_16layers_ckpt_with_optimizer),56,558.6761457920074,56,0,1839.7706521396349
1766797569-7160,"[White ""ChessGPT (lichess_200k_bins_16layers_ckpt_with_optimizer)""]
[Black ""Stockfish level 5""]

1. e4 Nc6 2. Nf3 e5 3. Bc4 Nf6 4. d3 Be7 5. O-O a6 6. a4 O-O 7. Nc3 Bc5 8. Bg5 Be7 9. h3 d6 10. Nh2 Bd7 11. f4 exf4 12. Rxf4 h6 13. Bxf6 Bxf6 14. Ng4 Bxc3 15. bxc3 Bxg4 16. Qxg4 Ne5 17. Qg3 Nxc4 18. dxc4 Qe7 19. Raf1 Rad8 20. Rg4 f6 21. Rg6 Kh7 22. Qg4 Qf7 23. Qf5 Qxg6 24. Qxg6+ Kxg6 25. Rf5 h5 26. g4 hxg4 27. hxg4 a5 28. Kg2 Ra8 29. Kg3 Rae8 30. Kf4 Ra8 31.",0-1,ChessGPT (lichess_200k_bins_16layers_ckpt_with_optimizer),Stockfish level 5,,2.0,0.0,1.0,ChessGPT (lichess_200k_bins_16layers_ckpt_with_optimizer),0.0,1,30,True,False,True,1,0,30,31,False,False,True,False,ChessGPT (lichess_200k_bins_16layers_ckpt_with_optimizer) vs. Stockfish level 5,31,252.7932367324829,31,1,1837.1184205800298
1766798177-4668,"[White ""Stockfish level 5""]
[Black ""ChessGPT (lichess_200k_bins_16layers_ckpt_with_optimizer)""]

1. e4 e5 2. Nc3 Nc6 3. Rb1 Nf6 4. Nf3 Bc5 5. Bd3 d6 6. Be2 Bg4 7. a3 O-O 8. b4 Bb6 9. h3 Bh5 10. d3 h6 11. g4 Bg6 12. Be3 Bxe3 13. fxe3 Nh7 14. Rc1 Ng5 15. Kd2 Nxf3+ 16. Bxf3 Qh4 17. Be2 Qf2 18. g5 hxg5 19. h4 gxh4 20. Rf1 Qg3 21. Rg1 Qh2 22. Rh1 Qg3 23. Qf1 f5 24. Rh3 Qg5 25. Qh1 fxe4 26. Rg1 Qf6 27. Nxe4 Bxe4 28. dxe4 Qf2 29. Rh2 Qf6 30. Rxh4 Kf7 31. Rf1 Qxf1 32. Qxf1+ Ke7 33. Qg1 Rf7 34. Qg5+ Kd7 35. Bg4+ Ke8 36. Rh2 Ne7 37. a4 Rd8 38. b5 c6 39. Rh8+ Rf8 40. Qxg7 Rxh8 41. Qxh8+ Kf7 42. Qxd8 Ng6 43. Bh5 Kg7 44. Qxd6 Kh6 45. Qxg6#",1-0,Stockfish level 5,ChessGPT (lichess_200k_bins_16layers_ckpt_with_optimizer),2.0,,1.0,0.0,ChessGPT (lichess_200k_bins_16layers_ckpt_with_optimizer),0.0,0,45,False,False,False,0,0,45,45,False,False,False,False,Stockfish level 5 vs. ChessGPT (lichess_200k_bins_16layers_ckpt_with_optimizer),45,607.0394141674042,45,0,1834.5060737164467
1766798488-7125,"[White ""ChessGPT (lichess_200k_bins_16layers_ckpt_with_optimizer)""]
[Black ""Stockfish level 5""]

1. e4 Nc6 2. Nf3 e5 3. Bc4 Bc5 4. d3 a5 5. Ng5 d5 6. exd5 Nd4 7. d6 Qxd6 8. Nxf7 Qb6 9. Nxh8 Nh6 10. Bxh6 Qxh6 11. Nf7 Qg6 12. Nxe5 Qxg2 13. Rf1 Qg5 14. Nf3 Bb4+ 15. c3 Qe7+ 16. Kd2 Bg4 17. Re1 O-O-O 18. Rxe7 Bxf3 19. Qe1 Bxe7 20. Qxe7 Nb3+ 21. Bxb3 Rh8 22. Qxg7 b6 23. Qxh8+ Kd7 24. Qxh7+ Kc8 25. Qh3+ Kd8 26. Qxf3 b5 27. Qd5+ Kc8 28. Qxb5 Kd8 29. Qxa5 Ke7 30. Qxc7+ Kf6 31. Qc6+ Kg7 32. Qe6 Kh7 33. Qf6",1/2-1/2,ChessGPT (lichess_200k_bins_16layers_ckpt_with_optimizer),Stockfish level 5,,2.0,0.5,0.5,ChessGPT (lichess_200k_bins_16layers_ckpt_with_optimizer),0.5,0,33,False,False,False,0,0,33,33,False,False,False,False,ChessGPT (lichess_200k_bins_16layers_ckpt_with_optimizer) vs. Stockfish level 5,33,311.5974895954132,33,0,1843.746061153307
1766798818-7538,"[White ""Stockfish level 5""]
[Black ""ChessGPT (lichess_200k_bins_16layers_ckpt_with_optimizer)""]

1. e4 e5 2. Nc3 Nc6 3. Bb5 Nf6 4. Nf3 Bc5 5. O-O d6 6. d3 Bg4 7. Na4 Bb6 8. h3 Bh5 9. c3 O-O 10. Nxb6 axb6 11. a4 Ne7 12. Re1 c6 13. g4 Bg6 14. Bc4 d5 15. exd5 cxd5 16. Bb3 e4 17. dxe4 dxe4 18. Qxd8 Rfxd8 19. Bg5 exf3 20. Rxe7 Rd2 21. Bxd2 Rd8 22. Bg5 h6 23. Be3 Ne4 24. Kh2 Nc5 25. Rd1 Rxd1 26. Bxc5 bxc5 27. Bxd1 Bd3 28. Re1 Be2 29. Bxe2 fxe2 30. Rxe2 Kh7 31. b3 Kg6 32. f4 Kf6 33. b4 Kg6 34. Kg2 Kh7 35. bxc5 Kg6 36. c6 Kh7 37. cxb7 Kg6 38. a5 Kh7 39. Kf3 Kg6 40. h4 Kh7 41. Re7 Kg6 42. h5+ Kh7 43. Rc7 Kg8 44. b8=Q+ Kh7 45. Qf8 g6 46. Rxf7#",1-0,Stockfish level 5,ChessGPT (lichess_200k_bins_16layers_ckpt_with_optimizer),2.0,,1.0,0.0,ChessGPT (lichess_200k_bins_16layers_ckpt_with_optimizer),0.0,0,46,False,False,False,0,0,46,46,False,False,False,False,Stockfish level 5 vs. ChessGPT (lichess_200k_bins_16layers_ckpt_with_optimizer),46,330.23248171806335,46,0,1841.1913416887467
1766799103-9610,"[White ""ChessGPT (lichess_200k_bins_16layers_ckpt_with_optimizer)""]
[Black ""Stockfish level 5""]

1. e4 c5 2. Nf3 e6 3. d4 d5 4. exd5 Qxd5 5. Nc3 Qd8 6. Bb5+ Bd7 7. Bxd7+ Nxd7 8. O-O cxd4 9. Qxd4 Ngf6 10. Bg5 Qb6 11. Qxb6 Nxb6 12. Bxf6 gxf6 13. Rad1 f5 14. Ne5 Rg8 15. Nb5 Rc8 16. Nxa7 Ra8 17. Nb5 Ra5 18. Nc7+ Ke7 19. Nc4 Nxc4 20. b3 Nd6 21. a4 Kf6 22. c4 Be7 23. c5 Rxc5 24. Nb5 Nxb5 25. axb5 b6 26. b4 Rc7 27. Rd4 Rcc8 28. Rfd1 Rcd8 29. Rxd8 Rxd8 30. Rxd8 Bxd8 31. Kf1 Bc7 32. Ke2 Bd6 33. Kd3 Kg6 34. Kc4 Kf6 35. f3 Bxh2 36. g4 Kg6 37.",0-1,ChessGPT (lichess_200k_bins_16layers_ckpt_with_optimizer),Stockfish level 5,,2.0,0.0,1.0,ChessGPT (lichess_200k_bins_16layers_ckpt_with_optimizer),0.0,1,36,True,False,True,1,0,36,37,False,False,True,False,ChessGPT (lichess_200k_bins_16layers_ckpt_with_optimizer) vs. Stockfish level 5,37,284.3833179473877,37,1,1838.6736484496714
1766800121-9365,"[White ""Stockfish level 5""]
[Black ""ChessGPT (lichess_200k_bins_16layers_ckpt_with_optimizer)""]

1. c4 e5 2. g3 Nf6 3. Bg2 d5 4. Nf3 e4 5. Nd4 c5 6. Nb5 a6 7. N5a3 d4 8. Nc2 Nc6 9. d3 Bf5 10. O-O Bd6 11. Bg5 exd3 12. exd3 O-O 13. Ne1 h6 14. Qf3 Bg4 15. Bxf6 Bxf3 16. Bxd8 Bxg2 17. Nxg2 Raxd8 18. Nd2 Rfe8 19. a3 Re2 20. Ne4 Rxb2 21. Rfb1 Rxb1+ 22. Rxb1 Rd7 23. Nf4 Bxf4 24. gxf4 Na5 25. f5 Rc7 26. h4 Kf8 27. a4 Ke7 28. Rb6 Nc6 29. Kg2 Nb4 30. Nxc5 Rxc5 31. Rxb7+ Kf6 32. Rxb4 Rxf5 33. Rb6+ Ke5 34. Rxa6 Rf6 35. Rxf6 Kxf6 36. a5 Ke6 37. a6 Kd6 38. a7 Kc7 39. a8=Q Kd6 40. Qh8 Ke6 41. Qxg7 Ke7 42. Kf3 Ke6 43. Kf4 Ke7 44. Kf5 Kd6 45. Qxd4+ Kc6 46. Qf6+ Kc5 47. Qc3 Kc6 48. h5 Kc5 49. d4+ Kc6 50. Qb4 Kc7 51. f4 Kc6 52. Qe7 Kb6 53. d5 Ka5 54. Qb7 Ka4 55. Qb2 Ka5 56. Qb7 Ka4 57. Qb2 Ka5 58. Qb7 Ka4 59. Qb2 Ka5 60. Qb5#",1-0,Stockfish level 5,ChessGPT (lichess_200k_bins_16layers_ckpt_with_optimizer),2.0,,1.0,0.0,ChessGPT (lichess_200k_bins_16layers_ckpt_with_optimizer),0.0,2,58,False,False,False,0,2,60,58,False,False,False,False,Stockfish level 5 vs. ChessGPT (lichess_200k_bins_16layers_ckpt_with_optimizer),60,1018.6569924354553,60,2,1836.1919234891575
1766800432-3741,"[White ""ChessGPT (lichess_200k_bins_16layers_ckpt_with_optimizer)""]
[Black ""Stockfish level 5""]

1. e4 c5 2. Nf3 Nc6 3. d4 cxd4 4. Nxd4 g6 5. Nc3 d6 6. Be3 Bd7 7. Bc4 Na5 8. Bb3 Bg7 9. O-O Nf6 10. f3 O-O 11. Qd2 Qc7 12. Rad1 Rfc8 13. Nd5 Nxd5 14. Bxd5 Rab8 15. c3 b5 16. Nb3 Bc6 17. Nxa5 Qxa5 18. a3 Rb7 19. Bxc6 Rxc6 20. Qd5 Qc7 21. Bd4 a5 22. Bxg7 Rc5 23. Qd4 e5 24. Qxd6 Kxg7 25. Qxc7 Rcxc7 26. Rd5 Rc4 27. Rxe5 Kf6 28. Rd5 b4 29. axb4 axb4 30. Rd3 bxc3 31. bxc3 Rc8 32.",0-1,ChessGPT (lichess_200k_bins_16layers_ckpt_with_optimizer),Stockfish level 5,,2.0,0.0,1.0,ChessGPT (lichess_200k_bins_16layers_ckpt_with_optimizer),0.0,1,31,True,False,True,1,0,31,32,False,False,True,False,ChessGPT (lichess_200k_bins_16layers_ckpt_with_optimizer) vs. Stockfish level 5,32,310.61238956451416,32,1,1833.7451535652847
1766800661-1534,"[White ""Stockfish level 5""]
[Black ""ChessGPT (lichess_200k_bins_16layers_ckpt_with_optimizer)""]

1. e4 e5 2. Nf3 Nc6 3. Bb5 a6 4. Ba4 Nf6 5. d4 exd4 6. O-O b5 7. Bb3 Be7 8. Bf4 d6 9. a4 Bb7 10. Nbd2 O-O 11. Re1 Na5 12. Nxd4 Nxb3 13. N2xb3 bxa4 14. Na5 Bxe4 15. Nac6 Qd7 16. Nxe7+ Qxe7 17. f3 c5 18. Nf5 Qb7 19. fxe4 Nxe4 20. Qg4 g6 21. Nxd6 Nxd6 22. Bxd6 Rfd8 23. Rad1 Qxb2 24. Qe4 a3 25. Qf3 a2 26. Be7 Rxd1 27. Qxa8+ Kg7 28. Qf8#",1-0,Stockfish level 5,ChessGPT (lichess_200k_bins_16layers_ckpt_with_optimizer),2.0,,1.0,0.0,ChessGPT (lichess_200k_bins_16layers_ckpt_with_optimizer),0.0,0,28,False,False,False,0,0,28,28,False,False,False,False,Stockfish level 5 vs. ChessGPT (lichess_200k_bins_16layers_ckpt_with_optimizer),28,228.74541878700256,28,0,1831.3323676573195
1766801093-5973,"[White ""ChessGPT (lichess_200k_bins_16layers_ckpt_with_optimizer)""]
[Black ""Stockfish level 5""]

1. e4 e5 2. Nf3 d5 3. exd5 Nf6 4. Nc3 Nbd7 5. d4 exd4 6. Nxd4 Be7 7. Bc4 Nb6 8. Bb3 O-O 9. O-O a5 10. a4 Nfxd5 11. Nxd5 Nxd5 12. Nf3 Nf6 13. Qxd8 Bxd8 14. Bg5 h6 15. Bh4 g5 16. Bg3 c6 17. Rad1 Nd5 18. Bxd5 cxd5 19. Rxd5 Bf6 20. c3 Rd8 21. Rfd1 Bf5 22. Rxd8+ Rxd8 23. Rxd8+ Bxd8 24. Nd4 Bd3 25. f3 Bb6 26. Bf2 Bc7 27. Nb5 Bf4 28. g3 Bc1 29. b3 Kh7 30. Nd6 Bd2 31. c4 h5 32. Nxb7 Kg6 33. Nc5 Bb1 34. Ne4 Bxe4 35. fxe4 g4 36. Kf1 Bb4 37. Ke2 h4 38. gxh4 Kh5 39. Bg3 Bc5 40. Kd3 Bb6 41. e5 Bg1 42. Ke4 Ba7 43. Kd5 Bb8 44. c5 f5 45. exf6 Bxg3 46. hxg3 Kg6 47. Ke6 Kh5 48. f7 Kg6 49. f8=Q Kh7 50. Qf7+ Kh8 51. Qe7 Kg8 52. Kf6 Kh8 53. Qg7#",1-0,ChessGPT (lichess_200k_bins_16layers_ckpt_with_optimizer),Stockfish level 5,,2.0,1.0,0.0,ChessGPT (lichess_200k_bins_16layers_ckpt_with_optimizer),1.0,0,53,False,False,False,0,0,53,53,False,False,False,False,ChessGPT (lichess_200k_bins_16layers_ckpt_with_optimizer) vs. Stockfish level 5,53,432.24966526031494,53,0,1850.6542394871415
1766801611-2348,"[White ""Stockfish level 5""]
[Black ""ChessGPT (lichess_200k_bins_16layers_ckpt_with_optimizer)""]

1. Nf3 d5 2. g3 Nf6 3. d4 e6 4. c3 Be7 5. e3 O-O 6. a4 c5 7. Bg2 cxd4 8. exd4 Nc6 9. Bf4 Bd6 10. Bxd6 Qxd6 11. Na3 a6 12. O-O Bd7 13. Qe2 Rac8 14. Nc2 Na5 15. Ne3 Nc4 16. Rfe1 Nxe3 17. Bh3 Nc4 18. Bg2 Ne4 19. b3 Nb6 20. c4 dxc4 21. a5 Nd5 22. bxc4 Nef6 23. cxd5 Nxd5 24. Qb2 Bc6 25. Ne5 Rfd8 26. Rac1 Be8 27. Rxc8 Rxc8 28. Qxb7 Rd8 29. Rc1 Nf6 30. Bc6 Qxd4 31. Qb6 Qxe5 32. Qxd8 h6 33. h4 Kh7 34. Bxe8 Nxe8 35. Qxe8 Qf6 36. Qd7 Qg6 37. Qc8 Qf6 38. Qc6 Qg6 39. Qxa6 Qf6 40. Qb7 Qg6 41. Qb1 Qxb1 42. Rxb1 Kg6 43. a6 Kf6 44. Rb5 Ke7 45. Kh2 Kf6 46. a7 Kg6 47. Rb2 Kf6 48. Rb4 Kg6 49. a8=Q Kf6 50. Qe8 Kg6 51. h5+ Kf6 52. Qd8+ Kf5 53. g4+ Ke5 54. f3",1-0,Stockfish level 5,ChessGPT (lichess_200k_bins_16layers_ckpt_with_optimizer),2.0,,1.0,0.0,ChessGPT (lichess_200k_bins_16layers_ckpt_with_optimizer),0.0,5,53,False,False,True,0,5,54,53,False,False,False,True,Stockfish level 5 vs. ChessGPT (lichess_200k_bins_16layers_ckpt_with_optimizer),54,517.6556377410889,54,5,1848.274506481861
1766801954-7386,"[White ""ChessGPT (lichess_200k_bins_16layers_ckpt_with_optimizer)""]
[Black ""Stockfish level 5""]

1. e4 c6 2. d4 d6 3. Nc3 Nf6 4. f4 Qb6 5. Nf3 Bg4 6. Be2 Bxf3 7. Bxf3 e5 8. dxe5 dxe5 9. fxe5 Nbd7 10. exf6 Ne5 11. Qe2 Rd8 12. Be3 Qxb2 13. O-O Qxc3 14. fxg7 Bxg7 15. Bh5 Rd7 16. Rad1 Rxd1 17. Rxd1 O-O 18. Bd4 Nf3+ 19. Bxf3 Bxd4+ 20. Kh1 Bf6 21. Qd3 Qe5 22. Qd6 Rd8 23. Qxd8+ Bxd8 24. Rxd8+ Kg7 25. Rd1 a5 26. h3 a4 27. Rb1 Qc5 28. Rxb7 Qxc2 29. Ra7 Qb1+ 30. Kh2 Qb8+ 31. Kg1 Qb1+ 32. Kf2 Qxa2+ 33. Kg3 Qa3 34. Ra6 Qd6+ 35. Kf2 Qc5+ 36. Kg3 Qb5 37. Ra7 Qb8+ 38. Kf2 Qxa7+ 39. Kg3 a3 40. Bg4 Qe3+ 41. Kh4 Qf4 42. g3 Qf6+ 43. Kh5 Qh6#",0-1,ChessGPT (lichess_200k_bins_16layers_ckpt_with_optimizer),Stockfish level 5,,2.0,0.0,1.0,ChessGPT (lichess_200k_bins_16layers_ckpt_with_optimizer),0.0,0,43,False,False,False,0,0,43,43,False,False,False,False,ChessGPT (lichess_200k_bins_16layers_ckpt_with_optimizer) vs. Stockfish level 5,44,343.32001090049744,43,0,1845.926933016222
1766802451-9838,"[White ""Stockfish level 5""]
[Black ""ChessGPT (lichess_200k_bins_16layers_ckpt_with_optimizer)""]

1. Nf3 d5 2. g3 Nf6 3. Bg2 c6 4. b3 Bf5 5. c4 e6 6. Nc3 Be7 7. Bb2 O-O 8. Nh4 Bg4 9. cxd5 exd5 10. h3 Be6 11. Qb1 Nbd7 12. Nf3 Re8 13. Nd4 Bc5 14. e3 Bxd4 15. exd4 Bf5+ 16. Kd1 Bxb1 17. Ba3 Be4 18. Nxe4 Nxe4 19. Bxe4 Rxe4 20. Kc2 Rxd4 21. Rae1 Re4 22. Bb2 Rxe1 23. Rxe1 Qg5 24. d3 Qf5 25. Bd4 c5 26. Ba1 Qxf2+ 27. Kd1 Qxg3 28. Re7 Qxd3+ 29. Ke1 Nf6 30. Be5 Qe3+ 31. Kd1 Qxe5 32. Rxe5 Re8 33. Rxe8+ Nxe8 34. h4 Nd6 35. a4 Ne4 36. h5 g6 37. h6 g5 38. Ke2 g4 39. Ke3 g3 40. Kf3 f5 41. Kf4 g2 42. Kf3 g1=Q 43. Kf4 Qg4+ 44. Ke5 Qg3+ 45. Kxd5 Qxb3+ 46. Ke5 Qxa4 47. Kxf5 c4 48. Ke6 c3 49. Kf5 c2 50. Ke5 c1=Q 51. Kd5 Qc5# 52. Ke6 Qac6#",0-1,Stockfish level 5,ChessGPT (lichess_200k_bins_16layers_ckpt_with_optimizer),2.0,,0.0,1.0,ChessGPT (lichess_200k_bins_16layers_ckpt_with_optimizer),1.0,0,52,False,False,False,0,0,52,52,False,False,False,False,Stockfish level 5 vs. ChessGPT (lichess_200k_bins_16layers_ckpt_with_optimizer),53,496.5356798171997,52,0,1863.313210528658
1766802716-2229,"[White ""ChessGPT (lichess_200k_bins_16layers_ckpt_with_optimizer)""]
[Black ""Stockfish level 5""]

1. e4 c5 2. Nf3 e6 3. d4 a6 4. d5 Nf6 5. Nc3 Qc7 6. Bg5 d6 7. Bxf6 gxf6 8. Be2 b5 9. O-O Nd7 10. dxe6 fxe6 11. Nh4 b4 12. Bh5+ Kd8 13. Ne2 a5 14. Nf4 Nb6 15. Qf3 Qd7 16. Rad1 Qe7 17. e5 fxe5 18. Nd3 Bb7 19. Qg3 Kc8 20. Nxe5 dxe5 21. Qxe5 Bg7 22. Qg3 Qc7 23. Qg4 Ra6 24. Qxe6+ Kb8 25. Rfe1 Nd5 26. Qe8+ Rxe8 27. Rxe8+ Ka7 28. Ree1 Rh6 29. Bf3 Rxh4 30. g3 Rd4 31. Rxd4 Bxd4 32. Rd1 Qf7 33. Kg2 Ne3+ 34. fxe3 Qxf3+ 35. Kh3 Bc8+ 36. Kh4 Bf6#",0-1,ChessGPT (lichess_200k_bins_16layers_ckpt_with_optimizer),Stockfish level 5,,2.0,0.0,1.0,ChessGPT (lichess_200k_bins_16layers_ckpt_with_optimizer),0.0,0,36,False,False,False,0,0,36,36,False,False,False,False,ChessGPT (lichess_200k_bins_16layers_ckpt_with_optimizer) vs. Stockfish level 5,37,265.3747901916504,36,0,1860.9969389762998
